group_a,group_b,similarity,action
abe22676a65cddf87ba08795fd0da7a5509dfae70050a1be6c39edca957a9496,b961259e437878fb5b88b3c92f7dd137fb1b80df11a7b0814d06800fce7f0ef0,0.9552,REVIEW_ONLY_NOT_MERGED
1fa861efe6d60196e1ecf02221e9afd23edb2c48ed39e085cd94bc3d2f4910bb,b961259e437878fb5b88b3c92f7dd137fb1b80df11a7b0814d06800fce7f0ef0,0.94135,REVIEW_ONLY_NOT_MERGED
1fa861efe6d60196e1ecf02221e9afd23edb2c48ed39e085cd94bc3d2f4910bb,abe22676a65cddf87ba08795fd0da7a5509dfae70050a1be6c39edca957a9496,0.94686,REVIEW_ONLY_NOT_MERGED
6b30414bf77eee4b8e23094d963bef5cb75137ba78bc21d48e03b13f10a23dbf,b961259e437878fb5b88b3c92f7dd137fb1b80df11a7b0814d06800fce7f0ef0,0.94059,REVIEW_ONLY_NOT_MERGED
eeaa044f00557f49fb2e289ad84addf7e1b9efc204c4f474d6769f0e1041f256,f2389ba5b0b1a30d754d59fab2c3e452c6863f13b12c637ac0027d984ce6baac,0.99647,REVIEW_ONLY_NOT_MERGED
c77f6c585c0fbf558644705037f3b7cb1c29787a54e96fd419a42e016abfbe36,f36ac599951c0150a365e3292c10521dfc545e649cdcab0c8d094cd76c3b43f0,0.94872,REVIEW_ONLY_NOT_MERGED
c2df69b59579d0d07123d0e9ee982cf9a0dcacf2d5f4f76a3ac990b33aa53fa0,f577df70547677e2320032e6e9bc9028e1a6ce3afbae600bcaf6e617557b7049,0.98137,REVIEW_ONLY_NOT_MERGED
0139979c68ee5b5f27c9a81c1172093479a8172942a8b9fdd1562690b465cd4d,807147675af695916c011b93e1d6187afd7b674c9a38078ec727fd0067a9b01d,0.95847,REVIEW_ONLY_NOT_MERGED
aa29ff47cc233a54be24d7e3df87fca4602429f15ce4088527b6533f47b40e10,b39673df6e772ee51558bd74b11fab7b2eeb7cd9e9365928a01597aba36033d3,0.96626,REVIEW_ONLY_NOT_MERGED
807147675af695916c011b93e1d6187afd7b674c9a38078ec727fd0067a9b01d,b39673df6e772ee51558bd74b11fab7b2eeb7cd9e9365928a01597aba36033d3,0.95267,REVIEW_ONLY_NOT_MERGED
85115ccc9770a36d45762d21d0b51b4c4718f59cb0fc45c977c83ec1e8d79a43,969f5bcf59f6f6e38d4f5568bcbdbcd176c0059e03a2cd362491be585dd0cc0c,0.99703,REVIEW_ONLY_NOT_MERGED
140dffe8ca1bcbb9b7658f6c16d77b629cf4cf1e1b7852e2102fcf462170407c,c45bc7c935ef54e9355724dc3ee255dadeebe4f5da92208e3b99252ee870dc7c,0.94118,REVIEW_ONLY_NOT_MERGED
cd76eee01d0b5c24f6178b45426e9a9bba0e8dd3f21c9b0d7efff9489ae72435,e2a5c86e9d673690d564f7641b802bd0c9f3d51f5488e9fee0311e81aa53be25,0.99614,REVIEW_ONLY_NOT_MERGED
391e17727bcebcb8edb91066e8cd187e69941501c38116ba834272ea4d53f6a2,d010812377bf5dc6cc2f58ea8a049b36a64e3148f2a0528942e7c6dbc4ec3aa6,0.94079,REVIEW_ONLY_NOT_MERGED
0c1823ed93a52ac7911676970f2036fe6920de05ab968f4fdc17d64278b070c7,c2df69b59579d0d07123d0e9ee982cf9a0dcacf2d5f4f76a3ac990b33aa53fa0,0.95652,REVIEW_ONLY_NOT_MERGED
0139979c68ee5b5f27c9a81c1172093479a8172942a8b9fdd1562690b465cd4d,a18f2c610d8ae6f7fceb8e746a91658aa1ebf78d114c490c036ddb84ba3f0eb9,0.95223,REVIEW_ONLY_NOT_MERGED
0ea5957e754ba9bed7708bab2d5c77bfdf08a6568f87b03d300fb482f4a41aa9,c2df69b59579d0d07123d0e9ee982cf9a0dcacf2d5f4f76a3ac990b33aa53fa0,0.96296,REVIEW_ONLY_NOT_MERGED
0c1823ed93a52ac7911676970f2036fe6920de05ab968f4fdc17d64278b070c7,0ea5957e754ba9bed7708bab2d5c77bfdf08a6568f87b03d300fb482f4a41aa9,0.99371,REVIEW_ONLY_NOT_MERGED
78c1d3df6de7620b36574cc7b8d148bf965dc6aa300a4e666bda2db745acd4c5,abe22676a65cddf87ba08795fd0da7a5509dfae70050a1be6c39edca957a9496,0.94945,REVIEW_ONLY_NOT_MERGED
7332a229b7b0756ea15244deddeed86468146cfdd96259d579ca001aadf1cb8b,f1178d1e6332a71b6d07596aaa0da3098ae1b2cf21fce7e7df6a369dc03d848e,0.9901,REVIEW_ONLY_NOT_MERGED
78c1d3df6de7620b36574cc7b8d148bf965dc6aa300a4e666bda2db745acd4c5,8f38f604248bcbe2602bfce8f286e53d5ba37ee0f9d83121682043e7d5a14a70,0.94062,REVIEW_ONLY_NOT_MERGED
5591d1e34d012dfe6a77c94acba26c759dd267a5b4280e9f38af8c8ffa35ca2a,85115ccc9770a36d45762d21d0b51b4c4718f59cb0fc45c977c83ec1e8d79a43,0.99703,REVIEW_ONLY_NOT_MERGED
5591d1e34d012dfe6a77c94acba26c759dd267a5b4280e9f38af8c8ffa35ca2a,969f5bcf59f6f6e38d4f5568bcbdbcd176c0059e03a2cd362491be585dd0cc0c,0.99405,REVIEW_ONLY_NOT_MERGED
07bbaf67610e3a22dc31539b89f92cf6a83d7115bc22318ce79a5b0c0931841d,9bcab6fd22b3cd1f83149a9ecc866bec5d9416b944ce1e456a66ef04acf6661c,0.95572,REVIEW_ONLY_NOT_MERGED
6af0073eef4edd15a2b66f5e474d47b9b51d24634db61952381228a975a14f0d,b39673df6e772ee51558bd74b11fab7b2eeb7cd9e9365928a01597aba36033d3,0.96626,REVIEW_ONLY_NOT_MERGED
6af0073eef4edd15a2b66f5e474d47b9b51d24634db61952381228a975a14f0d,aa29ff47cc233a54be24d7e3df87fca4602429f15ce4088527b6533f47b40e10,0.9746,REVIEW_ONLY_NOT_MERGED
6af0073eef4edd15a2b66f5e474d47b9b51d24634db61952381228a975a14f0d,807147675af695916c011b93e1d6187afd7b674c9a38078ec727fd0067a9b01d,0.95419,REVIEW_ONLY_NOT_MERGED
56783f06f451a8554397e4adb82560a52fdc852c07212685a51b5a3a509f65e5,9132277898e368365f5e3134f75da2fe360e1b4ca6cca73e4d1a6d72086d1dbf,0.95245,REVIEW_ONLY_NOT_MERGED
b961259e437878fb5b88b3c92f7dd137fb1b80df11a7b0814d06800fce7f0ef0,c9bc8c0f281e1bf2912572415a24aaeabec0d4b5d2d548b60507e99b87e39280,0.94233,REVIEW_ONLY_NOT_MERGED
bb5bbd9b4f400d98ab8b241a016f2de8b6fca430ab0b818502ffbe694ecec488,c9bc8c0f281e1bf2912572415a24aaeabec0d4b5d2d548b60507e99b87e39280,0.94412,REVIEW_ONLY_NOT_MERGED
abe22676a65cddf87ba08795fd0da7a5509dfae70050a1be6c39edca957a9496,c9bc8c0f281e1bf2912572415a24aaeabec0d4b5d2d548b60507e99b87e39280,0.94198,REVIEW_ONLY_NOT_MERGED
63a75892339b9533c795400cb32aa75e909b3864c3e9fe23d81603644b8d99d9,efb4995ea8f4e231c0b2956879cf55d2b5e11f0140f2ef30d671fd8270128a11,0.94433,REVIEW_ONLY_NOT_MERGED
13078cc17c9d51a4b2919b2395212e88fbb61a9f420315953816f4b936fdfc07,efb4995ea8f4e231c0b2956879cf55d2b5e11f0140f2ef30d671fd8270128a11,0.96381,REVIEW_ONLY_NOT_MERGED
c77f6c585c0fbf558644705037f3b7cb1c29787a54e96fd419a42e016abfbe36,faab22b49e0c6cee775f80e5913cdf257974e522523b70d6203382a76e55e2a2,0.99548,REVIEW_ONLY_NOT_MERGED
4a52a3741947f1f50dd8359ea686ff916662a1dac1cc2206b1b6f0cae138fbfe,4f2dc245d99e55d549868915fb1caaedac9770a52f0edd02c48951633f34d395,0.9921,REVIEW_ONLY_NOT_MERGED
8f38f604248bcbe2602bfce8f286e53d5ba37ee0f9d83121682043e7d5a14a70,ed05df87aaf960b7c651b0f04e7089e4bb2539881aa1cd45d0f3079b9bd22c54,0.94255,REVIEW_ONLY_NOT_MERGED
9132277898e368365f5e3134f75da2fe360e1b4ca6cca73e4d1a6d72086d1dbf,ed05df87aaf960b7c651b0f04e7089e4bb2539881aa1cd45d0f3079b9bd22c54,0.94057,REVIEW_ONLY_NOT_MERGED
abe22676a65cddf87ba08795fd0da7a5509dfae70050a1be6c39edca957a9496,ed05df87aaf960b7c651b0f04e7089e4bb2539881aa1cd45d0f3079b9bd22c54,0.97308,REVIEW_ONLY_NOT_MERGED
56783f06f451a8554397e4adb82560a52fdc852c07212685a51b5a3a509f65e5,ed05df87aaf960b7c651b0f04e7089e4bb2539881aa1cd45d0f3079b9bd22c54,0.95387,REVIEW_ONLY_NOT_MERGED
78c1d3df6de7620b36574cc7b8d148bf965dc6aa300a4e666bda2db745acd4c5,ed05df87aaf960b7c651b0f04e7089e4bb2539881aa1cd45d0f3079b9bd22c54,0.9661,REVIEW_ONLY_NOT_MERGED
0bf60f70afccafc78af0bb334b88703f7ebaf6e5b0a9fd0fd78dee1a905db56a,20c88deac37c676dc04f4376e2bea55acf8872dc25e380d9e64b52e75a88093e,0.98246,REVIEW_ONLY_NOT_MERGED
4105f2ced596c2228e75f023786a12448d6507004c639bc1450429c6dde0512c,ed05df87aaf960b7c651b0f04e7089e4bb2539881aa1cd45d0f3079b9bd22c54,0.98081,REVIEW_ONLY_NOT_MERGED
4105f2ced596c2228e75f023786a12448d6507004c639bc1450429c6dde0512c,d010812377bf5dc6cc2f58ea8a049b36a64e3148f2a0528942e7c6dbc4ec3aa6,0.94003,REVIEW_ONLY_NOT_MERGED
4105f2ced596c2228e75f023786a12448d6507004c639bc1450429c6dde0512c,64db3e7ec98b5e8814b1f51918a35d5dc5c60bc6ce32bd7345f7aa9532f3d6fe,0.94031,REVIEW_ONLY_NOT_MERGED
64db3e7ec98b5e8814b1f51918a35d5dc5c60bc6ce32bd7345f7aa9532f3d6fe,bb5bbd9b4f400d98ab8b241a016f2de8b6fca430ab0b818502ffbe694ecec488,0.94053,REVIEW_ONLY_NOT_MERGED
64db3e7ec98b5e8814b1f51918a35d5dc5c60bc6ce32bd7345f7aa9532f3d6fe,ed05df87aaf960b7c651b0f04e7089e4bb2539881aa1cd45d0f3079b9bd22c54,0.95136,REVIEW_ONLY_NOT_MERGED
64db3e7ec98b5e8814b1f51918a35d5dc5c60bc6ce32bd7345f7aa9532f3d6fe,d010812377bf5dc6cc2f58ea8a049b36a64e3148f2a0528942e7c6dbc4ec3aa6,0.95966,REVIEW_ONLY_NOT_MERGED
64db3e7ec98b5e8814b1f51918a35d5dc5c60bc6ce32bd7345f7aa9532f3d6fe,c9bc8c0f281e1bf2912572415a24aaeabec0d4b5d2d548b60507e99b87e39280,0.9686,REVIEW_ONLY_NOT_MERGED
74ed70b2de0889e6e8cde56c623d1c5f09f7638b0c3f361ca4b7a974a71b3b17,bbdb6c9c2a2d2893b2e603e6c09627b6bbfd8c4f9e26237e10ee4232470f3385,0.9449,REVIEW_ONLY_NOT_MERGED
dd8f29b5386be6e9430f83871a93c62abf7968333d85c93317784b4748b206de,ed05df87aaf960b7c651b0f04e7089e4bb2539881aa1cd45d0f3079b9bd22c54,0.95252,REVIEW_ONLY_NOT_MERGED
b961259e437878fb5b88b3c92f7dd137fb1b80df11a7b0814d06800fce7f0ef0,f61a1d0fd5fd827d72c8c1e8f783767c73f6cc758b2799dc660894998cca2801,0.95413,REVIEW_ONLY_NOT_MERGED
1fa861efe6d60196e1ecf02221e9afd23edb2c48ed39e085cd94bc3d2f4910bb,f61a1d0fd5fd827d72c8c1e8f783767c73f6cc758b2799dc660894998cca2801,0.94007,REVIEW_ONLY_NOT_MERGED
4105f2ced596c2228e75f023786a12448d6507004c639bc1450429c6dde0512c,f61a1d0fd5fd827d72c8c1e8f783767c73f6cc758b2799dc660894998cca2801,0.96444,REVIEW_ONLY_NOT_MERGED
abe22676a65cddf87ba08795fd0da7a5509dfae70050a1be6c39edca957a9496,f61a1d0fd5fd827d72c8c1e8f783767c73f6cc758b2799dc660894998cca2801,0.95597,REVIEW_ONLY_NOT_MERGED
d010812377bf5dc6cc2f58ea8a049b36a64e3148f2a0528942e7c6dbc4ec3aa6,f61a1d0fd5fd827d72c8c1e8f783767c73f6cc758b2799dc660894998cca2801,0.95495,REVIEW_ONLY_NOT_MERGED
c9bc8c0f281e1bf2912572415a24aaeabec0d4b5d2d548b60507e99b87e39280,f61a1d0fd5fd827d72c8c1e8f783767c73f6cc758b2799dc660894998cca2801,0.96343,REVIEW_ONLY_NOT_MERGED
64db3e7ec98b5e8814b1f51918a35d5dc5c60bc6ce32bd7345f7aa9532f3d6fe,f61a1d0fd5fd827d72c8c1e8f783767c73f6cc758b2799dc660894998cca2801,0.95874,REVIEW_ONLY_NOT_MERGED
33d902e11317dde1a12b0d20a3f9415f8aec02de07042d6e23ab0e01611a84a8,4a52a3741947f1f50dd8359ea686ff916662a1dac1cc2206b1b6f0cae138fbfe,0.94322,REVIEW_ONLY_NOT_MERGED
33d902e11317dde1a12b0d20a3f9415f8aec02de07042d6e23ab0e01611a84a8,4f2dc245d99e55d549868915fb1caaedac9770a52f0edd02c48951633f34d395,0.94787,REVIEW_ONLY_NOT_MERGED
42e3c17ec47d4399d44bdce7651e064f3e2b7bb5054bca378592d87a7ca86e2e,d138a81bbaca62bf218d948e605333221ff136a39b5ba75a1562df0019255352,0.99555,REVIEW_ONLY_NOT_MERGED
28a645304e0421bb0c931f9c11b6148d7b82e4e17da74edd683eaeae08f5cd8f,e8b78e0354f27052b65311bfb2372824e17b472129c055b8479e2247a36895f5,0.99874,REVIEW_ONLY_NOT_MERGED
8df0d5b7661d2c4c9ce456020d383136795b265488bd2a9178e409de1bac2f6d,ed05df87aaf960b7c651b0f04e7089e4bb2539881aa1cd45d0f3079b9bd22c54,0.94534,REVIEW_ONLY_NOT_MERGED
0139979c68ee5b5f27c9a81c1172093479a8172942a8b9fdd1562690b465cd4d,c31514897987f4585c72659f3aed4365169bc2fc715df55ef9a46277e0818af4,0.98403,REVIEW_ONLY_NOT_MERGED
807147675af695916c011b93e1d6187afd7b674c9a38078ec727fd0067a9b01d,c31514897987f4585c72659f3aed4365169bc2fc715df55ef9a46277e0818af4,0.97484,REVIEW_ONLY_NOT_MERGED
0d01d62d9991ea287488c1714c51bc506fe8eeb9243467f687c0db81b01255b0,9399f68958aa80a22eab78f19a62fdc38b59028f838dd20dea24ded62362a1e0,0.99602,REVIEW_ONLY_NOT_MERGED
42e3c17ec47d4399d44bdce7651e064f3e2b7bb5054bca378592d87a7ca86e2e,c0259f1dd5b0a3c5a72a6d276fd22ccb03a3cae5280ebd201332b8afe7ad7b6f,0.96065,REVIEW_ONLY_NOT_MERGED
07480a0d9c8ab243e208b724f9c03c9e2171d8f786fed469573f3585d8940c6a,a18f2c610d8ae6f7fceb8e746a91658aa1ebf78d114c490c036ddb84ba3f0eb9,0.97615,REVIEW_ONLY_NOT_MERGED
6af0073eef4edd15a2b66f5e474d47b9b51d24634db61952381228a975a14f0d,d1961d7fb407a099a89913a2ed71d82575ab00c33a169a6a835bf2c3e2fa5cc6,0.9695,REVIEW_ONLY_NOT_MERGED
52d2996b9f749c7791cb97a876cd78841ed637091fa80d463f472c88b1435456,d1961d7fb407a099a89913a2ed71d82575ab00c33a169a6a835bf2c3e2fa5cc6,0.94416,REVIEW_ONLY_NOT_MERGED
c31514897987f4585c72659f3aed4365169bc2fc715df55ef9a46277e0818af4,d1961d7fb407a099a89913a2ed71d82575ab00c33a169a6a835bf2c3e2fa5cc6,0.95847,REVIEW_ONLY_NOT_MERGED
807147675af695916c011b93e1d6187afd7b674c9a38078ec727fd0067a9b01d,d1961d7fb407a099a89913a2ed71d82575ab00c33a169a6a835bf2c3e2fa5cc6,0.98403,REVIEW_ONLY_NOT_MERGED
0d045aad4b913087c964cb2d482fadcaf40ef9e814fd836db072be7950b855cd,ef83120b92772aca8ebc1bce1c4c2f57661e4b685d782c7b34d0ff6e4dc5dba7,0.99642,REVIEW_ONLY_NOT_MERGED
05cecd6686b3c4fb73dd7c6e5ff56ceb2ae9686faaaa8c173bad009175961338,6e65eed5c2c37e410f4b7671ef1825e168f1088736c02a0d91ea28bdaec7482f,0.99877,REVIEW_ONLY_NOT_MERGED
4105f2ced596c2228e75f023786a12448d6507004c639bc1450429c6dde0512c,63c44e97718befe58ecc2c1e196fd14a5410cc802f4e7c7bc8ed8e9f94ddd765,0.94945,REVIEW_ONLY_NOT_MERGED
63c44e97718befe58ecc2c1e196fd14a5410cc802f4e7c7bc8ed8e9f94ddd765,64db3e7ec98b5e8814b1f51918a35d5dc5c60bc6ce32bd7345f7aa9532f3d6fe,0.95418,REVIEW_ONLY_NOT_MERGED
88313921340f29db99f63298a070d4c6a6492a23d54c75f8d54cca55b1dab37d,f651612b68dd0721c33f3297571e0c7e3cbdca73268836260bb8b12c3d8c43cf,0.94519,REVIEW_ONLY_NOT_MERGED
c26b4ce05933599513ca654b8c444ca41e0e3e65d86983c6580a53ab5a0242bf,fc629f92a762fa8d1d7f72a479404f947e8d4ff070f461ce51c179743c59588a,0.97265,REVIEW_ONLY_NOT_MERGED
56fef6a2f8f8c1f0ab1b16d0162a71e466a703e1a15ca3aeac8d9f8ac23c8b61,f2389ba5b0b1a30d754d59fab2c3e452c6863f13b12c637ac0027d984ce6baac,0.99647,REVIEW_ONLY_NOT_MERGED
56fef6a2f8f8c1f0ab1b16d0162a71e466a703e1a15ca3aeac8d9f8ac23c8b61,eeaa044f00557f49fb2e289ad84addf7e1b9efc204c4f474d6769f0e1041f256,0.99296,REVIEW_ONLY_NOT_MERGED
52feab2460b226e3670f6110c482ccf719c24ce31d2a074642bc29fba3cd8782,f8c9e93345a537fbb4e0a88ce6b701e4217baa6d94b8b720bf050bf318a32ac6,0.94985,REVIEW_ONLY_NOT_MERGED
b961259e437878fb5b88b3c92f7dd137fb1b80df11a7b0814d06800fce7f0ef0,f8c9e93345a537fbb4e0a88ce6b701e4217baa6d94b8b720bf050bf318a32ac6,0.96869,REVIEW_ONLY_NOT_MERGED
1fa861efe6d60196e1ecf02221e9afd23edb2c48ed39e085cd94bc3d2f4910bb,f8c9e93345a537fbb4e0a88ce6b701e4217baa6d94b8b720bf050bf318a32ac6,0.95465,REVIEW_ONLY_NOT_MERGED
4105f2ced596c2228e75f023786a12448d6507004c639bc1450429c6dde0512c,f8c9e93345a537fbb4e0a88ce6b701e4217baa6d94b8b720bf050bf318a32ac6,0.9734,REVIEW_ONLY_NOT_MERGED
8df0d5b7661d2c4c9ce456020d383136795b265488bd2a9178e409de1bac2f6d,f8c9e93345a537fbb4e0a88ce6b701e4217baa6d94b8b720bf050bf318a32ac6,0.94243,REVIEW_ONLY_NOT_MERGED
ed05df87aaf960b7c651b0f04e7089e4bb2539881aa1cd45d0f3079b9bd22c54,f8c9e93345a537fbb4e0a88ce6b701e4217baa6d94b8b720bf050bf318a32ac6,0.98431,REVIEW_ONLY_NOT_MERGED
abe22676a65cddf87ba08795fd0da7a5509dfae70050a1be6c39edca957a9496,f8c9e93345a537fbb4e0a88ce6b701e4217baa6d94b8b720bf050bf318a32ac6,0.96365,REVIEW_ONLY_NOT_MERGED
f61a1d0fd5fd827d72c8c1e8f783767c73f6cc758b2799dc660894998cca2801,f8c9e93345a537fbb4e0a88ce6b701e4217baa6d94b8b720bf050bf318a32ac6,0.96607,REVIEW_ONLY_NOT_MERGED
78c1d3df6de7620b36574cc7b8d148bf965dc6aa300a4e666bda2db745acd4c5,f8c9e93345a537fbb4e0a88ce6b701e4217baa6d94b8b720bf050bf318a32ac6,0.95448,REVIEW_ONLY_NOT_MERGED
46c4df70fd2884afc6eeb1bb252db23330b17dafad9783a97b7f62738cdd144d,f8c9e93345a537fbb4e0a88ce6b701e4217baa6d94b8b720bf050bf318a32ac6,0.9423,REVIEW_ONLY_NOT_MERGED
c9bc8c0f281e1bf2912572415a24aaeabec0d4b5d2d548b60507e99b87e39280,f8c9e93345a537fbb4e0a88ce6b701e4217baa6d94b8b720bf050bf318a32ac6,0.95524,REVIEW_ONLY_NOT_MERGED
63c44e97718befe58ecc2c1e196fd14a5410cc802f4e7c7bc8ed8e9f94ddd765,f8c9e93345a537fbb4e0a88ce6b701e4217baa6d94b8b720bf050bf318a32ac6,0.95331,REVIEW_ONLY_NOT_MERGED
64db3e7ec98b5e8814b1f51918a35d5dc5c60bc6ce32bd7345f7aa9532f3d6fe,f8c9e93345a537fbb4e0a88ce6b701e4217baa6d94b8b720bf050bf318a32ac6,0.94797,REVIEW_ONLY_NOT_MERGED
117b17bf68e01624a6e067d7b56ba70b0f7f19d52730808e1d395676cb795cf2,b961259e437878fb5b88b3c92f7dd137fb1b80df11a7b0814d06800fce7f0ef0,0.97941,REVIEW_ONLY_NOT_MERGED
117b17bf68e01624a6e067d7b56ba70b0f7f19d52730808e1d395676cb795cf2,1fa861efe6d60196e1ecf02221e9afd23edb2c48ed39e085cd94bc3d2f4910bb,0.95316,REVIEW_ONLY_NOT_MERGED
117b17bf68e01624a6e067d7b56ba70b0f7f19d52730808e1d395676cb795cf2,8df0d5b7661d2c4c9ce456020d383136795b265488bd2a9178e409de1bac2f6d,0.94791,REVIEW_ONLY_NOT_MERGED
117b17bf68e01624a6e067d7b56ba70b0f7f19d52730808e1d395676cb795cf2,ed05df87aaf960b7c651b0f04e7089e4bb2539881aa1cd45d0f3079b9bd22c54,0.98875,REVIEW_ONLY_NOT_MERGED
117b17bf68e01624a6e067d7b56ba70b0f7f19d52730808e1d395676cb795cf2,abe22676a65cddf87ba08795fd0da7a5509dfae70050a1be6c39edca957a9496,0.96811,REVIEW_ONLY_NOT_MERGED
117b17bf68e01624a6e067d7b56ba70b0f7f19d52730808e1d395676cb795cf2,bbdb6c9c2a2d2893b2e603e6c09627b6bbfd8c4f9e26237e10ee4232470f3385,0.94405,REVIEW_ONLY_NOT_MERGED
117b17bf68e01624a6e067d7b56ba70b0f7f19d52730808e1d395676cb795cf2,f61a1d0fd5fd827d72c8c1e8f783767c73f6cc758b2799dc660894998cca2801,0.9655,REVIEW_ONLY_NOT_MERGED
117b17bf68e01624a6e067d7b56ba70b0f7f19d52730808e1d395676cb795cf2,f3cbd2433849b06c1b6566e471b9f0350b328e3df1e5b5a660fac321cd2af34c,0.94663,REVIEW_ONLY_NOT_MERGED
117b17bf68e01624a6e067d7b56ba70b0f7f19d52730808e1d395676cb795cf2,78c1d3df6de7620b36574cc7b8d148bf965dc6aa300a4e666bda2db745acd4c5,0.95853,REVIEW_ONLY_NOT_MERGED
117b17bf68e01624a6e067d7b56ba70b0f7f19d52730808e1d395676cb795cf2,46c4df70fd2884afc6eeb1bb252db23330b17dafad9783a97b7f62738cdd144d,0.94382,REVIEW_ONLY_NOT_MERGED
117b17bf68e01624a6e067d7b56ba70b0f7f19d52730808e1d395676cb795cf2,c9bc8c0f281e1bf2912572415a24aaeabec0d4b5d2d548b60507e99b87e39280,0.95721,REVIEW_ONLY_NOT_MERGED
117b17bf68e01624a6e067d7b56ba70b0f7f19d52730808e1d395676cb795cf2,f8c9e93345a537fbb4e0a88ce6b701e4217baa6d94b8b720bf050bf318a32ac6,0.98332,REVIEW_ONLY_NOT_MERGED
117b17bf68e01624a6e067d7b56ba70b0f7f19d52730808e1d395676cb795cf2,64db3e7ec98b5e8814b1f51918a35d5dc5c60bc6ce32bd7345f7aa9532f3d6fe,0.95097,REVIEW_ONLY_NOT_MERGED
00509ea74775d152cafa413622dec1c23ddf495e35e6b219bf01434139fe3350,52d2996b9f749c7791cb97a876cd78841ed637091fa80d463f472c88b1435456,0.96684,REVIEW_ONLY_NOT_MERGED
6959b00bdf7f9791153db3695d10c514dc39b80cdb16dcdcf0757df2e50de1b0,e8ed4191e54d6d910d734759aa052e99c5417b0da9351c5d0b8720cae1215ff3,0.95431,REVIEW_ONLY_NOT_MERGED
357a56dc7136f273d469b952dd164049ab627224de939ca99612b25fcb3ba02b,42e3c17ec47d4399d44bdce7651e064f3e2b7bb5054bca378592d87a7ca86e2e,0.94266,REVIEW_ONLY_NOT_MERGED
357a56dc7136f273d469b952dd164049ab627224de939ca99612b25fcb3ba02b,d138a81bbaca62bf218d948e605333221ff136a39b5ba75a1562df0019255352,0.94725,REVIEW_ONLY_NOT_MERGED
05cecd6686b3c4fb73dd7c6e5ff56ceb2ae9686faaaa8c173bad009175961338,357a56dc7136f273d469b952dd164049ab627224de939ca99612b25fcb3ba02b,0.97585,REVIEW_ONLY_NOT_MERGED
357a56dc7136f273d469b952dd164049ab627224de939ca99612b25fcb3ba02b,6e65eed5c2c37e410f4b7671ef1825e168f1088736c02a0d91ea28bdaec7482f,0.97708,REVIEW_ONLY_NOT_MERGED
4a52a3741947f1f50dd8359ea686ff916662a1dac1cc2206b1b6f0cae138fbfe,b374ba11c4b09c263ad1234e6a9f58d429e645bbae2e7406ac5075d625e65471,0.94154,REVIEW_ONLY_NOT_MERGED
987c8257481c9ccbf4a3afff6f2d76187a606120a0e8535fd2adbbe1eaba3bcc,b374ba11c4b09c263ad1234e6a9f58d429e645bbae2e7406ac5075d625e65471,0.98375,REVIEW_ONLY_NOT_MERGED
79797bfa46dafffa87b34b0ee518073ad5fc91d8ea22d9579df89c17ccd6f7c8,7fca70d6884560c89c33ed43cfaef0ddf830bbc97bd71613e7cb846e8d34d7f9,0.99512,REVIEW_ONLY_NOT_MERGED
68b7b2cbc4c21307d70fccd57f35602fca1d5096002f5a2fb0092240708067f0,b39673df6e772ee51558bd74b11fab7b2eeb7cd9e9365928a01597aba36033d3,0.97006,REVIEW_ONLY_NOT_MERGED
68b7b2cbc4c21307d70fccd57f35602fca1d5096002f5a2fb0092240708067f0,6af0073eef4edd15a2b66f5e474d47b9b51d24634db61952381228a975a14f0d,0.94737,REVIEW_ONLY_NOT_MERGED
68b7b2cbc4c21307d70fccd57f35602fca1d5096002f5a2fb0092240708067f0,aa29ff47cc233a54be24d7e3df87fca4602429f15ce4088527b6533f47b40e10,0.97214,REVIEW_ONLY_NOT_MERGED
50bab10f86c62de3cf15131cdfaf3bf7902afb5864305c1447f76b3ab2bd01d7,52d2996b9f749c7791cb97a876cd78841ed637091fa80d463f472c88b1435456,0.94701,REVIEW_ONLY_NOT_MERGED
50bab10f86c62de3cf15131cdfaf3bf7902afb5864305c1447f76b3ab2bd01d7,88c4b66e1215b3e87f09de6b421003bcabfa153e93f03fbc54c1e3428ff03c5a,0.96346,REVIEW_ONLY_NOT_MERGED
00509ea74775d152cafa413622dec1c23ddf495e35e6b219bf01434139fe3350,50bab10f86c62de3cf15131cdfaf3bf7902afb5864305c1447f76b3ab2bd01d7,0.97973,REVIEW_ONLY_NOT_MERGED
21463b756b10b33d4be20e4e2850e793a217bcc840ae22bd77eb31eafbd36a22,faab22b49e0c6cee775f80e5913cdf257974e522523b70d6203382a76e55e2a2,0.9932,REVIEW_ONLY_NOT_MERGED
21463b756b10b33d4be20e4e2850e793a217bcc840ae22bd77eb31eafbd36a22,c77f6c585c0fbf558644705037f3b7cb1c29787a54e96fd419a42e016abfbe36,0.99774,REVIEW_ONLY_NOT_MERGED
9801d26bbe910f9389a287815abeb0a138abba106207f9c13a6778749032074c,beca4e9fe4dc9a7d7548aeee19bc2f88ad0188bd2ad5934bde62be001c1d723b,0.98264,REVIEW_ONLY_NOT_MERGED
07bbaf67610e3a22dc31539b89f92cf6a83d7115bc22318ce79a5b0c0931841d,8ded35312e1c948923ab21ca5b60c4b503aeb7d250c1d5d0a31a68d6deff7c7b,0.94422,REVIEW_ONLY_NOT_MERGED
494f7a5901f7a12bedb04623ca10e6cc2fee109510140563aabbc2bfb8eb02c7,cec5a4338107d7c7b8b9131b15c005c2c228f5edeb3bb6989d350491a811ab14,0.95186,REVIEW_ONLY_NOT_MERGED
22c1f81549bd02fb4272d6d3f3a1d59b7225a4a7122b1d8d9e9e769ebe5e1a4f,6535cc11a121431fff50c812584ee27195c892caf1a58621f599240f4709b7c5,0.99334,REVIEW_ONLY_NOT_MERGED
a433155a1972acdd5743cd7f05ac3c2a2dd9cb4ed5c52baa979601cde88401f0,f981fc98079f65db563f4a5d1a5308ed4d8f9d08d08aa89b992f0e1abf8a59fc,0.99517,REVIEW_ONLY_NOT_MERGED
0d957f6adbeb31bc019a69e4418496c03243432bf5935595d9c789ef71738d4a,20c88deac37c676dc04f4376e2bea55acf8872dc25e380d9e64b52e75a88093e,0.95686,REVIEW_ONLY_NOT_MERGED
0bf60f70afccafc78af0bb334b88703f7ebaf6e5b0a9fd0fd78dee1a905db56a,0d957f6adbeb31bc019a69e4418496c03243432bf5935595d9c789ef71738d4a,0.96108,REVIEW_ONLY_NOT_MERGED
48a484b2cef36bd9ba53bcaff3482cc9582d4109cadf7765f1476c4a0823ead3,9703e6fcd1ae1f3de700b809d121118426d3780bc17f2e569f8c20a09f6a5790,0.99241,REVIEW_ONLY_NOT_MERGED
68b7b2cbc4c21307d70fccd57f35602fca1d5096002f5a2fb0092240708067f0,fb890e7d27175c501a422608c6ed98bb4894ffcac03e44497978c53ace99782c,0.95107,REVIEW_ONLY_NOT_MERGED
c2df69b59579d0d07123d0e9ee982cf9a0dcacf2d5f4f76a3ac990b33aa53fa0,cad8981aaa8b9d56cb66f3f3b096bf3a4ff35c32ac3be369c6b40f8de7481b6b,0.98765,REVIEW_ONLY_NOT_MERGED
cad8981aaa8b9d56cb66f3f3b096bf3a4ff35c32ac3be369c6b40f8de7481b6b,f577df70547677e2320032e6e9bc9028e1a6ce3afbae600bcaf6e617557b7049,0.99371,REVIEW_ONLY_NOT_MERGED
9703e6fcd1ae1f3de700b809d121118426d3780bc17f2e569f8c20a09f6a5790,bb4e056d0d00dad24591836a9518e29d32794919ddf7b30f1aefc35c179a347f,0.99646,REVIEW_ONLY_NOT_MERGED
48a484b2cef36bd9ba53bcaff3482cc9582d4109cadf7765f1476c4a0823ead3,bb4e056d0d00dad24591836a9518e29d32794919ddf7b30f1aefc35c179a347f,0.99594,REVIEW_ONLY_NOT_MERGED
b961259e437878fb5b88b3c92f7dd137fb1b80df11a7b0814d06800fce7f0ef0,bb7fca9fdb35b93e3969e10f6714691f9cd38887a226b47604f44f5dff499836,0.96183,REVIEW_ONLY_NOT_MERGED
7cccd185c3d14dda8e4381ee6d445b3d0c3edc25c9490df02588526020fc1d27,bb7fca9fdb35b93e3969e10f6714691f9cd38887a226b47604f44f5dff499836,0.94249,REVIEW_ONLY_NOT_MERGED
1fa861efe6d60196e1ecf02221e9afd23edb2c48ed39e085cd94bc3d2f4910bb,bb7fca9fdb35b93e3969e10f6714691f9cd38887a226b47604f44f5dff499836,0.95756,REVIEW_ONLY_NOT_MERGED
4105f2ced596c2228e75f023786a12448d6507004c639bc1450429c6dde0512c,bb7fca9fdb35b93e3969e10f6714691f9cd38887a226b47604f44f5dff499836,0.9671,REVIEW_ONLY_NOT_MERGED
bb7fca9fdb35b93e3969e10f6714691f9cd38887a226b47604f44f5dff499836,ed05df87aaf960b7c651b0f04e7089e4bb2539881aa1cd45d0f3079b9bd22c54,0.9742,REVIEW_ONLY_NOT_MERGED
117b17bf68e01624a6e067d7b56ba70b0f7f19d52730808e1d395676cb795cf2,bb7fca9fdb35b93e3969e10f6714691f9cd38887a226b47604f44f5dff499836,0.97627,REVIEW_ONLY_NOT_MERGED
abe22676a65cddf87ba08795fd0da7a5509dfae70050a1be6c39edca957a9496,bb7fca9fdb35b93e3969e10f6714691f9cd38887a226b47604f44f5dff499836,0.96201,REVIEW_ONLY_NOT_MERGED
bb7fca9fdb35b93e3969e10f6714691f9cd38887a226b47604f44f5dff499836,f61a1d0fd5fd827d72c8c1e8f783767c73f6cc758b2799dc660894998cca2801,0.95697,REVIEW_ONLY_NOT_MERGED
78c1d3df6de7620b36574cc7b8d148bf965dc6aa300a4e666bda2db745acd4c5,bb7fca9fdb35b93e3969e10f6714691f9cd38887a226b47604f44f5dff499836,0.94591,REVIEW_ONLY_NOT_MERGED
bb7fca9fdb35b93e3969e10f6714691f9cd38887a226b47604f44f5dff499836,c9bc8c0f281e1bf2912572415a24aaeabec0d4b5d2d548b60507e99b87e39280,0.95177,REVIEW_ONLY_NOT_MERGED
bb7fca9fdb35b93e3969e10f6714691f9cd38887a226b47604f44f5dff499836,f8c9e93345a537fbb4e0a88ce6b701e4217baa6d94b8b720bf050bf318a32ac6,0.97589,REVIEW_ONLY_NOT_MERGED
64db3e7ec98b5e8814b1f51918a35d5dc5c60bc6ce32bd7345f7aa9532f3d6fe,bb7fca9fdb35b93e3969e10f6714691f9cd38887a226b47604f44f5dff499836,0.94415,REVIEW_ONLY_NOT_MERGED
44a20bd026196725c6522a9503a627697e1b27817fb44a98e79f7b687ff1da57,98ffa688ee369bf43231837cd392438497360655671d7752db39941d14f2933b,0.99487,REVIEW_ONLY_NOT_MERGED
422266eb73dee2fe7f268137ac65077dce38341e57b28c878cc8e73c6101af7e,b961259e437878fb5b88b3c92f7dd137fb1b80df11a7b0814d06800fce7f0ef0,0.94683,REVIEW_ONLY_NOT_MERGED
940842103c32bd178a2b8207d3a3bbc1e10031d4c3f609fdc9846520c6652062,ed05df87aaf960b7c651b0f04e7089e4bb2539881aa1cd45d0f3079b9bd22c54,0.94623,REVIEW_ONLY_NOT_MERGED
56783f06f451a8554397e4adb82560a52fdc852c07212685a51b5a3a509f65e5,940842103c32bd178a2b8207d3a3bbc1e10031d4c3f609fdc9846520c6652062,0.95889,REVIEW_ONLY_NOT_MERGED
2816b8a9aa3c75716c25f1be3dfbf47e92266c7501b4131be1d3e88399e72609,494f7a5901f7a12bedb04623ca10e6cc2fee109510140563aabbc2bfb8eb02c7,0.9831,REVIEW_ONLY_NOT_MERGED
2816b8a9aa3c75716c25f1be3dfbf47e92266c7501b4131be1d3e88399e72609,cec5a4338107d7c7b8b9131b15c005c2c228f5edeb3bb6989d350491a811ab14,0.95706,REVIEW_ONLY_NOT_MERGED
3d6c6d0f7b665aeec0c27981af05f1ad4c6f30ae676402cd10d6cebc0f853579,573dc336a0a1ce845696c5ccdde2c481c078fed00df19fecfe33b46bdf5f3b11,0.99784,REVIEW_ONLY_NOT_MERGED
4a52a3741947f1f50dd8359ea686ff916662a1dac1cc2206b1b6f0cae138fbfe,c7a4fe801120fe094db195148ec39002f6fcac03f1e81b14fd2f69f5dc0f3d35,0.98447,REVIEW_ONLY_NOT_MERGED
c7a4fe801120fe094db195148ec39002f6fcac03f1e81b14fd2f69f5dc0f3d35,fb890e7d27175c501a422608c6ed98bb4894ffcac03e44497978c53ace99782c,0.97231,REVIEW_ONLY_NOT_MERGED
987c8257481c9ccbf4a3afff6f2d76187a606120a0e8535fd2adbbe1eaba3bcc,c7a4fe801120fe094db195148ec39002f6fcac03f1e81b14fd2f69f5dc0f3d35,0.94486,REVIEW_ONLY_NOT_MERGED
b39673df6e772ee51558bd74b11fab7b2eeb7cd9e9365928a01597aba36033d3,c7a4fe801120fe094db195148ec39002f6fcac03f1e81b14fd2f69f5dc0f3d35,0.95482,REVIEW_ONLY_NOT_MERGED
13d3eb0195ec0a09c1c262fdb12f11dda257ee49b1133527f33d917437463c5d,2816b8a9aa3c75716c25f1be3dfbf47e92266c7501b4131be1d3e88399e72609,0.99924,REVIEW_ONLY_NOT_MERGED
13d3eb0195ec0a09c1c262fdb12f11dda257ee49b1133527f33d917437463c5d,494f7a5901f7a12bedb04623ca10e6cc2fee109510140563aabbc2bfb8eb02c7,0.98232,REVIEW_ONLY_NOT_MERGED
13d3eb0195ec0a09c1c262fdb12f11dda257ee49b1133527f33d917437463c5d,cec5a4338107d7c7b8b9131b15c005c2c228f5edeb3bb6989d350491a811ab14,0.95625,REVIEW_ONLY_NOT_MERGED
07480a0d9c8ab243e208b724f9c03c9e2171d8f786fed469573f3585d8940c6a,0d154fa3feb2e3cdae5869927084775793cbee2934d39dba6d7644199d986a17,0.97623,REVIEW_ONLY_NOT_MERGED
0d154fa3feb2e3cdae5869927084775793cbee2934d39dba6d7644199d986a17,4f2dc245d99e55d549868915fb1caaedac9770a52f0edd02c48951633f34d395,0.94671,REVIEW_ONLY_NOT_MERGED
0d154fa3feb2e3cdae5869927084775793cbee2934d39dba6d7644199d986a17,a18f2c610d8ae6f7fceb8e746a91658aa1ebf78d114c490c036ddb84ba3f0eb9,0.99065,REVIEW_ONLY_NOT_MERGED
0139979c68ee5b5f27c9a81c1172093479a8172942a8b9fdd1562690b465cd4d,0d154fa3feb2e3cdae5869927084775793cbee2934d39dba6d7644199d986a17,0.94603,REVIEW_ONLY_NOT_MERGED
452aa89f407d2baf7aa31e0a5f8d036d4a1d78abc6c9d5c1a776634b839e13f9,fbce3632b03d524987906a9c3a8755fbcf156846c2f89fa5d725678986831298,0.99766,REVIEW_ONLY_NOT_MERGED
17909bcac83cd837619fad65d0cc16dbbf58e32611a77e60a59ca3172b2c360b,4a52a3741947f1f50dd8359ea686ff916662a1dac1cc2206b1b6f0cae138fbfe,0.9491,REVIEW_ONLY_NOT_MERGED
17909bcac83cd837619fad65d0cc16dbbf58e32611a77e60a59ca3172b2c360b,51f7d45f7e733b868085241bbcd758316d46a0e39d45f33cb76565a1ab2b7017,0.94416,REVIEW_ONLY_NOT_MERGED
17909bcac83cd837619fad65d0cc16dbbf58e32611a77e60a59ca3172b2c360b,4f2dc245d99e55d549868915fb1caaedac9770a52f0edd02c48951633f34d395,0.94079,REVIEW_ONLY_NOT_MERGED
3898744faf6c95eec8d51ebea65ca35e1866a56497c229eff2a22c68f57a1f1a,bb7fca9fdb35b93e3969e10f6714691f9cd38887a226b47604f44f5dff499836,0.97303,REVIEW_ONLY_NOT_MERGED
3898744faf6c95eec8d51ebea65ca35e1866a56497c229eff2a22c68f57a1f1a,b961259e437878fb5b88b3c92f7dd137fb1b80df11a7b0814d06800fce7f0ef0,0.97044,REVIEW_ONLY_NOT_MERGED
1fa861efe6d60196e1ecf02221e9afd23edb2c48ed39e085cd94bc3d2f4910bb,3898744faf6c95eec8d51ebea65ca35e1866a56497c229eff2a22c68f57a1f1a,0.95346,REVIEW_ONLY_NOT_MERGED
3898744faf6c95eec8d51ebea65ca35e1866a56497c229eff2a22c68f57a1f1a,4105f2ced596c2228e75f023786a12448d6507004c639bc1450429c6dde0512c,0.97206,REVIEW_ONLY_NOT_MERGED
3898744faf6c95eec8d51ebea65ca35e1866a56497c229eff2a22c68f57a1f1a,8df0d5b7661d2c4c9ce456020d383136795b265488bd2a9178e409de1bac2f6d,0.94625,REVIEW_ONLY_NOT_MERGED
3898744faf6c95eec8d51ebea65ca35e1866a56497c229eff2a22c68f57a1f1a,ed05df87aaf960b7c651b0f04e7089e4bb2539881aa1cd45d0f3079b9bd22c54,0.99004,REVIEW_ONLY_NOT_MERGED
117b17bf68e01624a6e067d7b56ba70b0f7f19d52730808e1d395676cb795cf2,3898744faf6c95eec8d51ebea65ca35e1866a56497c229eff2a22c68f57a1f1a,0.98445,REVIEW_ONLY_NOT_MERGED
3898744faf6c95eec8d51ebea65ca35e1866a56497c229eff2a22c68f57a1f1a,abe22676a65cddf87ba08795fd0da7a5509dfae70050a1be6c39edca957a9496,0.96891,REVIEW_ONLY_NOT_MERGED
3898744faf6c95eec8d51ebea65ca35e1866a56497c229eff2a22c68f57a1f1a,f3cbd2433849b06c1b6566e471b9f0350b328e3df1e5b5a660fac321cd2af34c,0.94396,REVIEW_ONLY_NOT_MERGED
3898744faf6c95eec8d51ebea65ca35e1866a56497c229eff2a22c68f57a1f1a,f61a1d0fd5fd827d72c8c1e8f783767c73f6cc758b2799dc660894998cca2801,0.96429,REVIEW_ONLY_NOT_MERGED
3898744faf6c95eec8d51ebea65ca35e1866a56497c229eff2a22c68f57a1f1a,78c1d3df6de7620b36574cc7b8d148bf965dc6aa300a4e666bda2db745acd4c5,0.95884,REVIEW_ONLY_NOT_MERGED
3898744faf6c95eec8d51ebea65ca35e1866a56497c229eff2a22c68f57a1f1a,46c4df70fd2884afc6eeb1bb252db23330b17dafad9783a97b7f62738cdd144d,0.9456,REVIEW_ONLY_NOT_MERGED
3898744faf6c95eec8d51ebea65ca35e1866a56497c229eff2a22c68f57a1f1a,c9bc8c0f281e1bf2912572415a24aaeabec0d4b5d2d548b60507e99b87e39280,0.95503,REVIEW_ONLY_NOT_MERGED
3898744faf6c95eec8d51ebea65ca35e1866a56497c229eff2a22c68f57a1f1a,f8c9e93345a537fbb4e0a88ce6b701e4217baa6d94b8b720bf050bf318a32ac6,0.97899,REVIEW_ONLY_NOT_MERGED
3898744faf6c95eec8d51ebea65ca35e1866a56497c229eff2a22c68f57a1f1a,64db3e7ec98b5e8814b1f51918a35d5dc5c60bc6ce32bd7345f7aa9532f3d6fe,0.95127,REVIEW_ONLY_NOT_MERGED
2a447fae51a06f6fbff814774f20e08bb1ce30f68288068ea21fd1c37f206b25,bb7fca9fdb35b93e3969e10f6714691f9cd38887a226b47604f44f5dff499836,0.9529,REVIEW_ONLY_NOT_MERGED
2a447fae51a06f6fbff814774f20e08bb1ce30f68288068ea21fd1c37f206b25,ed05df87aaf960b7c651b0f04e7089e4bb2539881aa1cd45d0f3079b9bd22c54,0.96339,REVIEW_ONLY_NOT_MERGED
117b17bf68e01624a6e067d7b56ba70b0f7f19d52730808e1d395676cb795cf2,2a447fae51a06f6fbff814774f20e08bb1ce30f68288068ea21fd1c37f206b25,0.96296,REVIEW_ONLY_NOT_MERGED
2a447fae51a06f6fbff814774f20e08bb1ce30f68288068ea21fd1c37f206b25,abe22676a65cddf87ba08795fd0da7a5509dfae70050a1be6c39edca957a9496,0.94646,REVIEW_ONLY_NOT_MERGED
2a447fae51a06f6fbff814774f20e08bb1ce30f68288068ea21fd1c37f206b25,78c1d3df6de7620b36574cc7b8d148bf965dc6aa300a4e666bda2db745acd4c5,0.94425,REVIEW_ONLY_NOT_MERGED
2a447fae51a06f6fbff814774f20e08bb1ce30f68288068ea21fd1c37f206b25,f8c9e93345a537fbb4e0a88ce6b701e4217baa6d94b8b720bf050bf318a32ac6,0.95897,REVIEW_ONLY_NOT_MERGED
2a447fae51a06f6fbff814774f20e08bb1ce30f68288068ea21fd1c37f206b25,3898744faf6c95eec8d51ebea65ca35e1866a56497c229eff2a22c68f57a1f1a,0.96276,REVIEW_ONLY_NOT_MERGED
5ba7479dd40c843d053340dff98c8ca5074f9950a77ab108eb3654ccb9e08652,7332a229b7b0756ea15244deddeed86468146cfdd96259d579ca001aadf1cb8b,0.96817,REVIEW_ONLY_NOT_MERGED
5ba7479dd40c843d053340dff98c8ca5074f9950a77ab108eb3654ccb9e08652,f1178d1e6332a71b6d07596aaa0da3098ae1b2cf21fce7e7df6a369dc03d848e,0.95826,REVIEW_ONLY_NOT_MERGED
5ba7479dd40c843d053340dff98c8ca5074f9950a77ab108eb3654ccb9e08652,beca4e9fe4dc9a7d7548aeee19bc2f88ad0188bd2ad5934bde62be001c1d723b,0.9481,REVIEW_ONLY_NOT_MERGED
5ba7479dd40c843d053340dff98c8ca5074f9950a77ab108eb3654ccb9e08652,9801d26bbe910f9389a287815abeb0a138abba106207f9c13a6778749032074c,0.96259,REVIEW_ONLY_NOT_MERGED
a91d940fbe9c861e50da650442d88ce7c040f37ff3cc661a2e15362786d6eac7,cb449cc6e78a891c934d226332cae7e92f1740f6241cc6b4df340895da27d628,0.95168,REVIEW_ONLY_NOT_MERGED
c0259f1dd5b0a3c5a72a6d276fd22ccb03a3cae5280ebd201332b8afe7ad7b6f,c07c8aaffa339073505f49af6b27eeb3b655b82ae53a98d51054554bace4ae5e,0.97192,REVIEW_ONLY_NOT_MERGED
6af0073eef4edd15a2b66f5e474d47b9b51d24634db61952381228a975a14f0d,6c5709e01fd0e007750599113292ffe181768ad3b52f8c21512b3d36b0fc6bb0,0.95937,REVIEW_ONLY_NOT_MERGED
6c5709e01fd0e007750599113292ffe181768ad3b52f8c21512b3d36b0fc6bb0,b39673df6e772ee51558bd74b11fab7b2eeb7cd9e9365928a01597aba36033d3,0.98187,REVIEW_ONLY_NOT_MERGED
68b7b2cbc4c21307d70fccd57f35602fca1d5096002f5a2fb0092240708067f0,6c5709e01fd0e007750599113292ffe181768ad3b52f8c21512b3d36b0fc6bb0,0.9878,REVIEW_ONLY_NOT_MERGED
6c5709e01fd0e007750599113292ffe181768ad3b52f8c21512b3d36b0fc6bb0,aa29ff47cc233a54be24d7e3df87fca4602429f15ce4088527b6533f47b40e10,0.98438,REVIEW_ONLY_NOT_MERGED
242d268f65d91569ccaad501c79525e5fe32e14a2644762f044b9579b5d3d2b6,bb7fca9fdb35b93e3969e10f6714691f9cd38887a226b47604f44f5dff499836,0.95562,REVIEW_ONLY_NOT_MERGED
242d268f65d91569ccaad501c79525e5fe32e14a2644762f044b9579b5d3d2b6,2a447fae51a06f6fbff814774f20e08bb1ce30f68288068ea21fd1c37f206b25,0.95495,REVIEW_ONLY_NOT_MERGED
242d268f65d91569ccaad501c79525e5fe32e14a2644762f044b9579b5d3d2b6,ed05df87aaf960b7c651b0f04e7089e4bb2539881aa1cd45d0f3079b9bd22c54,0.96709,REVIEW_ONLY_NOT_MERGED
117b17bf68e01624a6e067d7b56ba70b0f7f19d52730808e1d395676cb795cf2,242d268f65d91569ccaad501c79525e5fe32e14a2644762f044b9579b5d3d2b6,0.96515,REVIEW_ONLY_NOT_MERGED
242d268f65d91569ccaad501c79525e5fe32e14a2644762f044b9579b5d3d2b6,abe22676a65cddf87ba08795fd0da7a5509dfae70050a1be6c39edca957a9496,0.95511,REVIEW_ONLY_NOT_MERGED
242d268f65d91569ccaad501c79525e5fe32e14a2644762f044b9579b5d3d2b6,f3cbd2433849b06c1b6566e471b9f0350b328e3df1e5b5a660fac321cd2af34c,0.95222,REVIEW_ONLY_NOT_MERGED
242d268f65d91569ccaad501c79525e5fe32e14a2644762f044b9579b5d3d2b6,78c1d3df6de7620b36574cc7b8d148bf965dc6aa300a4e666bda2db745acd4c5,0.94603,REVIEW_ONLY_NOT_MERGED
242d268f65d91569ccaad501c79525e5fe32e14a2644762f044b9579b5d3d2b6,f8c9e93345a537fbb4e0a88ce6b701e4217baa6d94b8b720bf050bf318a32ac6,0.96018,REVIEW_ONLY_NOT_MERGED
242d268f65d91569ccaad501c79525e5fe32e14a2644762f044b9579b5d3d2b6,3898744faf6c95eec8d51ebea65ca35e1866a56497c229eff2a22c68f57a1f1a,0.96545,REVIEW_ONLY_NOT_MERGED
0d4513ff7cd9ed1ce61c2798cdc7cc5ed7d12655f8840604c72e59662732619d,49c154ce9359025576784859ac43edff5c85084500fea25d0618125c1229b232,0.94368,REVIEW_ONLY_NOT_MERGED
0d4513ff7cd9ed1ce61c2798cdc7cc5ed7d12655f8840604c72e59662732619d,d1961d7fb407a099a89913a2ed71d82575ab00c33a169a6a835bf2c3e2fa5cc6,0.94603,REVIEW_ONLY_NOT_MERGED
0d4513ff7cd9ed1ce61c2798cdc7cc5ed7d12655f8840604c72e59662732619d,807147675af695916c011b93e1d6187afd7b674c9a38078ec727fd0067a9b01d,0.95625,REVIEW_ONLY_NOT_MERGED
0e0127cdc51303d11de319607dc7fcb026082bf7e12b38d5ef6f9787a30a4fb5,bb7fca9fdb35b93e3969e10f6714691f9cd38887a226b47604f44f5dff499836,0.96483,REVIEW_ONLY_NOT_MERGED
0e0127cdc51303d11de319607dc7fcb026082bf7e12b38d5ef6f9787a30a4fb5,2a447fae51a06f6fbff814774f20e08bb1ce30f68288068ea21fd1c37f206b25,0.9512,REVIEW_ONLY_NOT_MERGED
0e0127cdc51303d11de319607dc7fcb026082bf7e12b38d5ef6f9787a30a4fb5,ed05df87aaf960b7c651b0f04e7089e4bb2539881aa1cd45d0f3079b9bd22c54,0.9856,REVIEW_ONLY_NOT_MERGED
0e0127cdc51303d11de319607dc7fcb026082bf7e12b38d5ef6f9787a30a4fb5,242d268f65d91569ccaad501c79525e5fe32e14a2644762f044b9579b5d3d2b6,0.95689,REVIEW_ONLY_NOT_MERGED
0e0127cdc51303d11de319607dc7fcb026082bf7e12b38d5ef6f9787a30a4fb5,117b17bf68e01624a6e067d7b56ba70b0f7f19d52730808e1d395676cb795cf2,0.97654,REVIEW_ONLY_NOT_MERGED
0e0127cdc51303d11de319607dc7fcb026082bf7e12b38d5ef6f9787a30a4fb5,abe22676a65cddf87ba08795fd0da7a5509dfae70050a1be6c39edca957a9496,0.96278,REVIEW_ONLY_NOT_MERGED
0e0127cdc51303d11de319607dc7fcb026082bf7e12b38d5ef6f9787a30a4fb5,56783f06f451a8554397e4adb82560a52fdc852c07212685a51b5a3a509f65e5,0.94152,REVIEW_ONLY_NOT_MERGED
0e0127cdc51303d11de319607dc7fcb026082bf7e12b38d5ef6f9787a30a4fb5,78c1d3df6de7620b36574cc7b8d148bf965dc6aa300a4e666bda2db745acd4c5,0.95928,REVIEW_ONLY_NOT_MERGED
0e0127cdc51303d11de319607dc7fcb026082bf7e12b38d5ef6f9787a30a4fb5,f8c9e93345a537fbb4e0a88ce6b701e4217baa6d94b8b720bf050bf318a32ac6,0.97414,REVIEW_ONLY_NOT_MERGED
0e0127cdc51303d11de319607dc7fcb026082bf7e12b38d5ef6f9787a30a4fb5,3898744faf6c95eec8d51ebea65ca35e1866a56497c229eff2a22c68f57a1f1a,0.97683,REVIEW_ONLY_NOT_MERGED
88c4b66e1215b3e87f09de6b421003bcabfa153e93f03fbc54c1e3428ff03c5a,8a2b198441b8c39f787db25c9909e4500b66407f56a5dc88efe0d52626ec76a0,0.98305,REVIEW_ONLY_NOT_MERGED
52052b473d13f87f93e423eef673578cdbf0d10509ff231bda940666374255da,7332a229b7b0756ea15244deddeed86468146cfdd96259d579ca001aadf1cb8b,0.9404,REVIEW_ONLY_NOT_MERGED
52052b473d13f87f93e423eef673578cdbf0d10509ff231bda940666374255da,f1178d1e6332a71b6d07596aaa0da3098ae1b2cf21fce7e7df6a369dc03d848e,0.94719,REVIEW_ONLY_NOT_MERGED
52052b473d13f87f93e423eef673578cdbf0d10509ff231bda940666374255da,52d2996b9f749c7791cb97a876cd78841ed637091fa80d463f472c88b1435456,0.96752,REVIEW_ONLY_NOT_MERGED
0b394487da808198a20b88829cf56c9589a22c64d32b08fff150b22169165f1a,52052b473d13f87f93e423eef673578cdbf0d10509ff231bda940666374255da,0.95987,REVIEW_ONLY_NOT_MERGED
52052b473d13f87f93e423eef673578cdbf0d10509ff231bda940666374255da,beca4e9fe4dc9a7d7548aeee19bc2f88ad0188bd2ad5934bde62be001c1d723b,0.94017,REVIEW_ONLY_NOT_MERGED
52052b473d13f87f93e423eef673578cdbf0d10509ff231bda940666374255da,b72817cc715e6874ea17b88581803c42ca0b29486cb3457a0380de537f1a1066,0.94003,REVIEW_ONLY_NOT_MERGED
52052b473d13f87f93e423eef673578cdbf0d10509ff231bda940666374255da,5ba7479dd40c843d053340dff98c8ca5074f9950a77ab108eb3654ccb9e08652,0.97152,REVIEW_ONLY_NOT_MERGED
52052b473d13f87f93e423eef673578cdbf0d10509ff231bda940666374255da,9801d26bbe910f9389a287815abeb0a138abba106207f9c13a6778749032074c,0.95798,REVIEW_ONLY_NOT_MERGED
117b17bf68e01624a6e067d7b56ba70b0f7f19d52730808e1d395676cb795cf2,4a9bbf56e79edb888aaa1d82d59b776ca5b46eea711f41140f300226293cce9c,0.94238,REVIEW_ONLY_NOT_MERGED
4a9bbf56e79edb888aaa1d82d59b776ca5b46eea711f41140f300226293cce9c,f61a1d0fd5fd827d72c8c1e8f783767c73f6cc758b2799dc660894998cca2801,0.94399,REVIEW_ONLY_NOT_MERGED
4a9bbf56e79edb888aaa1d82d59b776ca5b46eea711f41140f300226293cce9c,c9bc8c0f281e1bf2912572415a24aaeabec0d4b5d2d548b60507e99b87e39280,0.95188,REVIEW_ONLY_NOT_MERGED
4a9bbf56e79edb888aaa1d82d59b776ca5b46eea711f41140f300226293cce9c,64db3e7ec98b5e8814b1f51918a35d5dc5c60bc6ce32bd7345f7aa9532f3d6fe,0.9445,REVIEW_ONLY_NOT_MERGED
3898744faf6c95eec8d51ebea65ca35e1866a56497c229eff2a22c68f57a1f1a,4a9bbf56e79edb888aaa1d82d59b776ca5b46eea711f41140f300226293cce9c,0.9427,REVIEW_ONLY_NOT_MERGED
20947eb74381c53f5a119b0f79f351e4ff2ff27d82f1b1f7f9880a1819309b88,beca4e9fe4dc9a7d7548aeee19bc2f88ad0188bd2ad5934bde62be001c1d723b,0.98094,REVIEW_ONLY_NOT_MERGED
20947eb74381c53f5a119b0f79f351e4ff2ff27d82f1b1f7f9880a1819309b88,5ba7479dd40c843d053340dff98c8ca5074f9950a77ab108eb3654ccb9e08652,0.95416,REVIEW_ONLY_NOT_MERGED
20947eb74381c53f5a119b0f79f351e4ff2ff27d82f1b1f7f9880a1819309b88,9801d26bbe910f9389a287815abeb0a138abba106207f9c13a6778749032074c,0.9983,REVIEW_ONLY_NOT_MERGED
20947eb74381c53f5a119b0f79f351e4ff2ff27d82f1b1f7f9880a1819309b88,52052b473d13f87f93e423eef673578cdbf0d10509ff231bda940666374255da,0.95638,REVIEW_ONLY_NOT_MERGED
2a447fae51a06f6fbff814774f20e08bb1ce30f68288068ea21fd1c37f206b25,a71624d44501718a9148cc5e50d6b6e630e22ed0e53845b6e7f0a313e704a61d,0.9533,REVIEW_ONLY_NOT_MERGED
a71624d44501718a9148cc5e50d6b6e630e22ed0e53845b6e7f0a313e704a61d,b28bf6f078ad8d5a88f371c2c3cf490b9c744fab2e1c2529117e9618fa4d86bc,0.94085,REVIEW_ONLY_NOT_MERGED
a71624d44501718a9148cc5e50d6b6e630e22ed0e53845b6e7f0a313e704a61d,b961259e437878fb5b88b3c92f7dd137fb1b80df11a7b0814d06800fce7f0ef0,0.99041,REVIEW_ONLY_NOT_MERGED
a71624d44501718a9148cc5e50d6b6e630e22ed0e53845b6e7f0a313e704a61d,ed05df87aaf960b7c651b0f04e7089e4bb2539881aa1cd45d0f3079b9bd22c54,0.9714,REVIEW_ONLY_NOT_MERGED
63b5bc2f74fc31e845a3a41688d7b68b15bd20663c4c2d05a28e7390a75be0d2,a71624d44501718a9148cc5e50d6b6e630e22ed0e53845b6e7f0a313e704a61d,0.94003,REVIEW_ONLY_NOT_MERGED
6b30414bf77eee4b8e23094d963bef5cb75137ba78bc21d48e03b13f10a23dbf,a71624d44501718a9148cc5e50d6b6e630e22ed0e53845b6e7f0a313e704a61d,0.94088,REVIEW_ONLY_NOT_MERGED
0e0127cdc51303d11de319607dc7fcb026082bf7e12b38d5ef6f9787a30a4fb5,a71624d44501718a9148cc5e50d6b6e630e22ed0e53845b6e7f0a313e704a61d,0.95833,REVIEW_ONLY_NOT_MERGED
78c1d3df6de7620b36574cc7b8d148bf965dc6aa300a4e666bda2db745acd4c5,a71624d44501718a9148cc5e50d6b6e630e22ed0e53845b6e7f0a313e704a61d,0.97693,REVIEW_ONLY_NOT_MERGED
63c44e97718befe58ecc2c1e196fd14a5410cc802f4e7c7bc8ed8e9f94ddd765,a71624d44501718a9148cc5e50d6b6e630e22ed0e53845b6e7f0a313e704a61d,0.94718,REVIEW_ONLY_NOT_MERGED
07480a0d9c8ab243e208b724f9c03c9e2171d8f786fed469573f3585d8940c6a,ca5b84230c7774f35f301c2b3eb039e9500f01dfcf8d92bc8429cce46e63e803,0.95793,REVIEW_ONLY_NOT_MERGED
5ba7479dd40c843d053340dff98c8ca5074f9950a77ab108eb3654ccb9e08652,ca5b84230c7774f35f301c2b3eb039e9500f01dfcf8d92bc8429cce46e63e803,0.96358,REVIEW_ONLY_NOT_MERGED
a18f2c610d8ae6f7fceb8e746a91658aa1ebf78d114c490c036ddb84ba3f0eb9,ca5b84230c7774f35f301c2b3eb039e9500f01dfcf8d92bc8429cce46e63e803,0.98251,REVIEW_ONLY_NOT_MERGED
0d154fa3feb2e3cdae5869927084775793cbee2934d39dba6d7644199d986a17,ca5b84230c7774f35f301c2b3eb039e9500f01dfcf8d92bc8429cce46e63e803,0.97306,REVIEW_ONLY_NOT_MERGED
2338ea720ddc84010b0854997271018b51db39ee1ca9462863f862b156e6fc94,d50932522d00bbe53bb635050388fc610d842177b26f095e348386b61a6eddf3,0.99526,REVIEW_ONLY_NOT_MERGED
a808d7b260d417e6771fbe805a7ea8998456ab6248e40314eec7ad490447762b,cba090a7881ced4912fd4c55e510fac4da0995be226a66e07d23346a6ffb1584,0.96507,REVIEW_ONLY_NOT_MERGED
