StudyInstanceUID,ACL,MCL,Medial Meniscus,Lateral Meniscus,Medial OA,Lateral OA,PF OA,Effusion,Synovitis,Baker's,Contusion,Fracture,ACL__weight,MCL__weight,Medial Meniscus__weight,Lateral Meniscus__weight,Medial OA__weight,Lateral OA__weight,PF OA__weight,Effusion__weight,Synovitis__weight,Baker's__weight,Contusion__weight,Fracture__weight,ACL__mask,MCL__mask,Medial Meniscus__mask,Lateral Meniscus__mask,Medial OA__mask,Lateral OA__mask,PF OA__mask,Effusion__mask,Synovitis__mask,Baker's__mask,Contusion__mask,Fracture__mask
1.2.826.0.1.3680043.8.498.10058298717414171145622092128156266866,0.05,0.05,0.05,0.05,0.05,0.05,,0.05,,,,,1.0,1.0,1.0,1.0,1.0,1.0,0.0,1.0,0.0,0.0,0.0,0.0,1,1,1,1,1,1,0,1,0,0,0,0
1.2.826.0.1.3680043.8.498.10100718559177860518999368876392117659,0.05,0.05,0.05,0.05,,,,0.05,,0.05,0.05,0.05,1.0,1.0,1.0,1.0,0.0,0.0,0.0,1.0,0.0,1.0,1.0,1.0,1,1,1,1,0,0,0,1,0,1,1,1
1.2.826.0.1.3680043.8.498.10135587809070718435691939321937314104,0.05,0.05,0.95,0.05,0.9,0.05,0.65,0.45,0.95,0.05,0.05,,1.0,1.0,1.0,1.0,0.25,1.0,0.25,0.25,1.0,1.0,1.0,0.0,1,1,1,1,1,1,1,1,1,1,1,0
1.2.826.0.1.3680043.8.498.10147180484860577398303524379319212586,0.05,0.05,,0.05,,,,,0.95,,,,1.0,1.0,0.0,1.0,0.0,0.0,0.0,0.0,1.0,0.0,0.0,0.0,1,1,0,1,0,0,0,0,1,0,0,0
1.2.826.0.1.3680043.8.498.10147717839726734017869499799005084725,0.05,0.05,0.95,0.6,,,,0.05,,,,,1.0,0.25,1.0,0.25,0.0,0.0,0.0,1.0,0.0,0.0,0.0,0.0,1,1,1,1,0,0,0,1,0,0,0,0
1.2.826.0.1.3680043.8.498.10207134048598925821261298801127950516,0.05,0.05,0.05,0.05,,,,0.05,,0.05,0.05,,1.0,1.0,1.0,1.0,0.0,0.0,0.0,1.0,0.0,1.0,1.0,0.0,1,1,1,1,0,0,0,1,0,1,1,0
1.2.826.0.1.3680043.8.498.10274956886032850418742861294277331382,0.05,0.05,0.05,0.05,,,,0.05,,0.05,0.05,0.05,1.0,1.0,1.0,1.0,0.0,0.0,0.0,1.0,0.0,1.0,1.0,1.0,1,1,1,1,0,0,0,1,0,1,1,1
1.2.826.0.1.3680043.8.498.10459901081962705567398560859229437818,0.95,0.01,0.95,0.95,,,0.05,0.05,,,0.95,0.05,1.0,0.25,1.0,1.0,0.0,0.0,1.0,1.0,0.0,0.0,1.0,1.0,1,1,1,1,0,0,1,1,0,0,1,1
1.2.826.0.1.3680043.8.498.10522585237725235866013737575867341946,0.05,0.05,0.95,0.95,,,,,,,,,1.0,1.0,1.0,1.0,0.0,0.0,0.0,0.0,0.0,0.0,0.0,0.0,1,1,1,1,0,0,0,0,0,0,0,0
1.2.826.0.1.3680043.8.498.10546313646515875953943156661172963953,0.05,0.05,0.05,0.05,0.05,0.05,0.05,0.05,,0.05,0.05,0.05,1.0,1.0,1.0,1.0,1.0,1.0,1.0,1.0,0.0,1.0,1.0,1.0,1,1,1,1,1,1,1,1,0,1,1,1
1.2.826.0.1.3680043.8.498.10603952065748622499432940419853732241,0.05,,0.05,0.05,,,,0.95,,0.95,,,1.0,0.0,1.0,1.0,0.0,0.0,0.0,1.0,0.0,1.0,0.0,0.0,1,0,1,1,0,0,0,1,0,1,0,0
1.2.826.0.1.3680043.8.498.10852517092524464338210061305792376636,,0.05,0.95,,,,,,0.95,,,,0.0,0.25,1.0,0.0,0.0,0.0,0.0,0.0,1.0,0.0,0.0,0.0,0,1,1,0,0,0,0,0,1,0,0,0
1.2.826.0.1.3680043.8.498.11040296449332764126530525726037541310,0.05,0.05,0.95,0.35,0.05,0.6,0.45,0.05,0.95,0.85,,,1.0,1.0,1.0,0.25,1.0,0.25,0.25,1.0,1.0,0.25,0.0,0.0,1,1,1,1,1,1,1,1,1,1,0,0
1.2.826.0.1.3680043.8.498.11079556243110299049578981210837702995,0.1,0.05,,0.05,0.05,,,0.7,,0.05,,,0.25,1.0,0.0,1.0,1.0,0.0,0.0,0.25,0.0,1.0,0.0,0.0,1,1,0,1,1,0,0,1,0,1,0,0
1.2.826.0.1.3680043.8.498.11232674915186872899189440191805868376,0.05,0.05,0.05,0.05,,,0.05,,0.95,,0.05,0.05,1.0,1.0,1.0,1.0,0.0,0.0,1.0,0.0,1.0,0.0,1.0,1.0,1,1,1,1,0,0,1,0,1,0,1,1
1.2.826.0.1.3680043.8.498.11282706861378379965012380644125662529,,0.05,,0.05,,,0.05,0.05,,,0.95,0.05,0.0,1.0,0.0,1.0,0.0,0.0,1.0,1.0,0.0,0.0,1.0,1.0,0,1,0,1,0,0,1,1,0,0,1,1
1.2.826.0.1.3680043.8.498.11345369648571407541082013397591193473,0.05,0.05,0.95,0.95,0.05,0.05,,,,0.05,,,1.0,1.0,1.0,1.0,1.0,1.0,0.0,0.0,0.0,1.0,0.0,0.0,1,1,1,1,1,1,0,0,0,1,0,0
1.2.826.0.1.3680043.8.498.11440217845998767853986099058965644463,0.05,,0.95,0.95,,,,,0.95,,,,1.0,0.0,1.0,1.0,0.0,0.0,0.0,0.0,1.0,0.0,0.0,0.0,1,0,1,1,0,0,0,0,1,0,0,0
1.2.826.0.1.3680043.8.498.11498239309891927151456629915927889165,0.05,0.05,0.05,0.05,,,,0.05,,,0.05,,1.0,1.0,1.0,1.0,0.0,0.0,0.0,1.0,0.0,0.0,1.0,0.0,1,1,1,1,0,0,0,1,0,0,1,0
1.2.826.0.1.3680043.8.498.11569601172991867969672947467467392425,0.05,0.05,0.95,,0.9,,0.2,0.9,,0.05,,0.8,1.0,1.0,1.0,0.0,0.25,0.0,0.25,0.25,0.0,1.0,0.0,0.25,1,1,1,0,1,0,1,1,0,1,0,1
1.2.826.0.1.3680043.8.498.11574480940878399452466699512074769686,0.95,,0.95,0.95,,,,,,,,,1.0,0.0,1.0,1.0,0.0,0.0,0.0,0.0,0.0,0.0,0.0,0.0,1,0,1,1,0,0,0,0,0,0,0,0
1.2.826.0.1.3680043.8.498.11762352496600661264881556836248251400,0.05,0.05,0.05,0.95,,,0.05,,,,,,1.0,1.0,1.0,1.0,0.0,0.0,1.0,0.0,0.0,0.0,0.0,0.0,1,1,1,1,0,0,1,0,0,0,0,0
1.2.826.0.1.3680043.8.498.11905397531490569218559534495408776672,0.05,0.05,0.05,0.05,,,,0.05,,,,0.05,1.0,1.0,1.0,1.0,0.0,0.0,0.0,1.0,0.0,0.0,0.0,1.0,1,1,1,1,0,0,0,1,0,0,0,1
1.2.826.0.1.3680043.8.498.11909779134152823550896593167929611759,0.05,0.05,0.05,0.05,0.05,0.05,0.05,0.05,,,0.05,,1.0,1.0,1.0,1.0,1.0,1.0,1.0,1.0,0.0,0.0,1.0,0.0,1,1,1,1,1,1,1,1,0,0,1,0
1.2.826.0.1.3680043.8.498.11964826300307458382604479841253457304,0.05,0.05,0.05,0.05,0.05,0.05,,0.05,,0.05,,,1.0,1.0,1.0,1.0,1.0,1.0,0.0,1.0,0.0,1.0,0.0,0.0,1,1,1,1,1,1,0,1,0,1,0,0
1.2.826.0.1.3680043.8.498.12015406188790105426257083591807220760,0.05,0.05,0.05,0.05,,,,,,,,,1.0,1.0,1.0,1.0,0.0,0.0,0.0,0.0,0.0,0.0,0.0,0.0,1,1,1,1,0,0,0,0,0,0,0,0
1.2.826.0.1.3680043.8.498.12185615973620890770158935333033805789,0.05,0.05,0.05,0.05,0.05,0.05,0.05,0.05,,0.05,0.05,0.05,1.0,1.0,1.0,1.0,1.0,1.0,1.0,1.0,0.0,1.0,1.0,1.0,1,1,1,1,1,1,1,1,0,1,1,1
1.2.826.0.1.3680043.8.498.12225975251304101975065271521710735735,,0.05,0.05,0.05,0.05,0.05,0.05,,,0.05,,,0.0,1.0,1.0,1.0,1.0,1.0,1.0,0.0,0.0,1.0,0.0,0.0,0,1,1,1,1,1,1,0,0,1,0,0
1.2.826.0.1.3680043.8.498.12257484608743859456600273083454447341,0.05,,0.05,,,,0.05,,0.95,,,,1.0,0.0,1.0,0.0,0.0,0.0,1.0,0.0,1.0,0.0,0.0,0.0,1,0,1,0,0,0,1,0,1,0,0,0
1.2.826.0.1.3680043.8.498.12331841096593105748526634055968654914,0.95,0.05,0.25,0.95,,,0.95,0.9,,0.05,0.95,,1.0,1.0,0.25,1.0,0.0,0.0,1.0,0.25,0.0,1.0,0.25,0.0,1,1,1,1,0,0,1,1,0,1,1,0
1.2.826.0.1.3680043.8.498.12525752631743097782762806859112218620,0.05,0.05,0.03,0.05,,,,,,,,,1.0,1.0,0.25,1.0,0.0,0.0,0.0,0.0,0.0,0.0,0.0,0.0,1,1,1,1,0,0,0,0,0,0,0,0
1.2.826.0.1.3680043.8.498.12568337973304376222940287737691898395,0.05,0.05,0.05,0.05,0.05,0.05,,,,0.05,0.05,0.05,1.0,1.0,1.0,1.0,1.0,1.0,0.0,0.0,0.0,1.0,1.0,1.0,1,1,1,1,1,1,0,0,0,1,1,1
1.2.826.0.1.3680043.8.498.12785792890626338008419452097492192088,0.05,0.05,0.05,0.05,0.05,0.05,0.5,,,,,,1.0,1.0,1.0,1.0,1.0,1.0,0.25,0.0,0.0,0.0,0.0,0.0,1,1,1,1,1,1,1,0,0,0,0,0
1.2.826.0.1.3680043.8.498.12896740277483734090633132494285615502,0.05,0.05,0.95,0.05,0.05,0.05,0.85,0.5,,,,,1.0,1.0,1.0,1.0,1.0,1.0,0.25,0.25,0.0,0.0,0.0,0.0,1,1,1,1,1,1,1,1,0,0,0,0
1.2.826.0.1.3680043.8.498.12957252711278416684461267069498115130,0.05,0.05,0.95,0.05,,0.05,0.05,0.05,,,,,1.0,1.0,1.0,1.0,0.0,1.0,1.0,1.0,0.0,0.0,0.0,0.0,1,1,1,1,0,1,1,1,0,0,0,0
1.2.826.0.1.3680043.8.498.13162479706670045075896993021883562680,0.05,0.05,0.05,0.05,,,,0.05,,0.05,,,1.0,1.0,1.0,1.0,0.0,0.0,0.0,1.0,0.0,1.0,0.0,0.0,1,1,1,1,0,0,0,1,0,1,0,0
1.2.826.0.1.3680043.8.498.13269841239774089690227054060975903636,0.05,0.05,0.05,0.45,,,,,0.95,,,,1.0,1.0,1.0,0.25,0.0,0.0,0.0,0.0,1.0,0.0,0.0,0.0,1,1,1,1,0,0,0,0,1,0,0,0
1.2.826.0.1.3680043.8.498.14024129019390041106306062001538710978,0.15,0.05,0.95,0.05,0.85,0.05,0.55,0.7,,,0.05,,0.25,1.0,1.0,1.0,0.25,0.25,0.25,0.25,0.0,0.0,1.0,0.0,1,1,1,1,1,1,1,1,0,0,1,0
1.2.826.0.1.3680043.8.498.14061227335828384505403558788548348446,0.05,0.05,0.95,0.05,,0.05,0.05,0.75,,0.05,,,1.0,1.0,1.0,1.0,0.0,1.0,1.0,0.25,0.0,1.0,0.0,0.0,1,1,1,1,0,1,1,1,0,1,0,0
1.2.826.0.1.3680043.8.498.15024602758408626305833210011882949904,0.05,0.05,0.95,0.05,,,,,,0.95,0.05,0.05,1.0,1.0,1.0,1.0,0.0,0.0,0.0,0.0,0.0,1.0,1.0,1.0,1,1,1,1,0,0,0,0,0,1,1,1
1.2.826.0.1.3680043.8.498.15133818248365103660456294775831248835,0.05,0.05,,0.95,,,,,,,,,1.0,1.0,0.0,1.0,0.0,0.0,0.0,0.0,0.0,0.0,0.0,0.0,1,1,0,1,0,0,0,0,0,0,0,0
1.2.826.0.1.3680043.8.498.15399233309269178192583032682669258885,0.05,0.05,0.2,0.05,0.05,0.05,,0.05,,,0.8,,1.0,1.0,0.25,1.0,1.0,1.0,0.0,1.0,0.0,0.0,0.25,0.0,1,1,1,1,1,1,0,1,0,0,1,0
1.2.826.0.1.3680043.8.498.15444316810805746453392291780593934328,0.05,0.05,0.1,0.95,,,,,0.95,,,,1.0,1.0,0.25,1.0,0.0,0.0,0.0,0.0,1.0,0.0,0.0,0.0,1,1,1,1,0,0,0,0,1,0,0,0
1.2.826.0.1.3680043.8.498.17070139245390396445395414066427036835,0.05,0.05,,0.95,,,,0.8,,,,,1.0,1.0,0.0,1.0,0.0,0.0,0.0,0.25,0.0,0.0,0.0,0.0,1,1,0,1,0,0,0,1,0,0,0,0
1.2.826.0.1.3680043.8.498.17107696939614797679012793547913769707,,0.05,0.95,0.95,,,,0.05,,,,,0.0,1.0,1.0,1.0,0.0,0.0,0.0,1.0,0.0,0.0,0.0,0.0,0,1,1,1,0,0,0,1,0,0,0,0
1.2.826.0.1.3680043.8.498.17427902052389033416295416299697276519,0.05,0.05,0.95,,,0.05,,0.8,0.95,0.95,0.02,,1.0,1.0,1.0,0.0,0.0,1.0,0.0,0.25,1.0,1.0,0.25,0.0,1,1,1,0,0,1,0,1,1,1,1,0
1.2.826.0.1.3680043.8.498.17618734998753079190687719289815512319,0.05,0.05,0.15,0.95,,,,0.05,0.95,,,,1.0,1.0,0.25,1.0,0.0,0.0,0.0,1.0,1.0,0.0,0.0,0.0,1,1,1,1,0,0,0,1,1,0,0,0
1.2.826.0.1.3680043.8.498.18114567737638963627123562895002602285,0.05,0.4,0.05,0.05,0.05,0.05,0.05,0.05,,0.05,,,1.0,0.25,1.0,1.0,1.0,1.0,1.0,1.0,0.0,1.0,0.0,0.0,1,1,1,1,1,1,1,1,0,1,0,0
1.2.826.0.1.3680043.8.498.18389676218363070462526838642303976332,0.05,0.05,0.05,0.05,,,,0.05,,0.05,,0.05,1.0,1.0,1.0,1.0,0.0,0.0,0.0,1.0,0.0,1.0,0.0,1.0,1,1,1,1,0,0,0,1,0,1,0,1
1.2.826.0.1.3680043.8.498.19124879088354547836118593585646705198,0.05,0.05,0.05,0.05,0.05,0.05,,,,0.05,0.05,,1.0,1.0,1.0,1.0,1.0,1.0,0.0,0.0,0.0,1.0,1.0,0.0,1,1,1,1,1,1,0,0,0,1,1,0
1.2.826.0.1.3680043.8.498.20301796413163444642416918108994411350,0.05,0.05,,0.05,,,,0.05,,,,,1.0,1.0,0.0,1.0,0.0,0.0,0.0,1.0,0.0,0.0,0.0,0.0,1,1,0,1,0,0,0,1,0,0,0,0
1.2.826.0.1.3680043.8.498.21584859831565112159503971937497384030,0.05,0.05,0.05,0.05,,,,0.05,,,,,1.0,1.0,1.0,1.0,0.0,0.0,0.0,1.0,0.0,0.0,0.0,0.0,1,1,1,1,0,0,0,1,0,0,0,0
1.2.826.0.1.3680043.8.498.22803020644232321685575897661362804423,0.05,0.05,0.95,0.05,,,,0.05,,,,,1.0,1.0,1.0,1.0,0.0,0.0,0.0,1.0,0.0,0.0,0.0,0.0,1,1,1,1,0,0,0,1,0,0,0,0
1.2.826.0.1.3680043.8.498.23378338408981699466914366379590099738,0.05,0.05,0.5,,,,,,0.95,0.05,,,1.0,1.0,0.25,0.0,0.0,0.0,0.0,0.0,1.0,1.0,0.0,0.0,1,1,1,0,0,0,0,0,1,1,0,0
1.2.826.0.1.3680043.8.498.25206096958520407302630747466352252249,0.95,0.05,0.95,,0.05,0.05,0.05,0.05,,,0.05,,1.0,1.0,1.0,0.0,1.0,1.0,1.0,1.0,0.0,0.0,1.0,0.0,1,1,1,0,1,1,1,1,0,0,1,0
1.2.826.0.1.3680043.8.498.25505153402978560400776672230220616863,0.05,0.05,0.05,0.05,,,,0.05,,0.05,0.05,0.05,1.0,1.0,1.0,1.0,0.0,0.0,0.0,1.0,0.0,1.0,1.0,1.0,1,1,1,1,0,0,0,1,0,1,1,1
1.2.826.0.1.3680043.8.498.27656830051511853680197276412365020780,0.05,0.05,0.05,0.05,,,,0.05,,0.05,0.4,,1.0,1.0,1.0,1.0,0.0,0.0,0.0,1.0,0.0,1.0,0.25,0.0,1,1,1,1,0,0,0,1,0,1,1,0
