StudyInstanceUID,category,report_hash,report_status,evidence,meets_criteria,audit_reasons,disposition,status_correct,evidence_correct,negation_correct,anatomy_correct,severity_correct,temporal_correct,criteria_correct,reviewer,notes
1.2.826.0.1.3680043.8.498.10147717839726734017869499799005084725,ACL,feaf0dc659ea1f01a840fb484a5808369937b3078aed1dcb415b27da396d7ca8,ABSENT,"[""Çapraz bağlar normal.""]",NO,[],KEEP,PASS,PASS,PASS,PASS,PASS,PASS,PASS,GPT-6.1 Sol independent text reviewer C,交叉韧带正常全面覆盖ACL，NO可靠。
1.2.826.0.1.3680043.8.498.10147717839726734017869499799005084725,MCL,feaf0dc659ea1f01a840fb484a5808369937b3078aed1dcb415b27da396d7ca8,UNCERTAIN,"[""İç yan bağın femoral tarafındaki hafif kalınlaşma eski zedelenme sekeli olabilir.""]",UNKNOWN,"[""llm_review:Mild thickening may represent an old injury sequela; an acute high-grade tear is not established."",""uncertain_report""]",KEEP,PASS,PASS,PASS,PASS,PASS,PASS,PASS,GPT-6.1 Sol independent text reviewer C,内侧韧带轻度增厚可能为旧伤后遗，疑似慢性描述合理，急性高级别不确定。
1.2.826.0.1.3680043.8.498.10147717839726734017869499799005084725,Medial Meniscus,feaf0dc659ea1f01a840fb484a5808369937b3078aed1dcb415b27da396d7ca8,PRESENT,"[""Medyal menisküsün arka boynuzundaki yapı içi dejenerasyon inferiyor eklem yüzeyine tek bir noktada (seri 4, görüntü 7) yırtık biçiminde ulaşıyor.""]",YES,[],KEEP,PASS,PASS,PASS,PASS,PASS,PASS,PASS,GPT-6.1 Sol independent text reviewer C,内侧后角变性以撕裂到达下表面，明确诊断支持YES，未虚构多切面。
1.2.826.0.1.3680043.8.498.10147717839726734017869499799005084725,Lateral Meniscus,feaf0dc659ea1f01a840fb484a5808369937b3078aed1dcb415b27da396d7ca8,UNCERTAIN,"[""Lateral menisküsün korpus kesiminde serbest kenardaki yırtık püsküllenme biçiminde olabilir.""]",UNKNOWN,"[""llm_review:The wording may qualify the tear itself or only its fraying morphology."",""uncertain_report""]",KEEP,PASS,PASS,PASS,PASS,PASS,PASS,PASS,GPT-6.1 Sol independent text reviewer C,外侧体部自由缘撕裂的毛刷状措辞有歧义，保守UNCERTAIN合理。
1.2.826.0.1.3680043.8.498.10147717839726734017869499799005084725,Medial OA,feaf0dc659ea1f01a840fb484a5808369937b3078aed1dcb415b27da396d7ca8,PRESENT,"[""Diz eklemindeki trikompartmantal dejeneratif eklem hastalığı""]",UNKNOWN,"[""criteria_anatomy_severity_extent_or_timing_insufficient"",""llm_review:Tricompartmental disease includes the medial compartment, but medial cartilage-loss depth and extent are unspecified.""]",KEEP,PASS,PASS,PASS,PASS,PASS,PASS,PASS,GPT-6.1 Sol independent text reviewer C,三间室退变包括内侧，该处深度和范围未知。
1.2.826.0.1.3680043.8.498.10147717839726734017869499799005084725,Lateral OA,feaf0dc659ea1f01a840fb484a5808369937b3078aed1dcb415b27da396d7ca8,PRESENT,"[""Diz eklemindeki trikompartmantal dejeneratif eklem hastalığı""]",UNKNOWN,"[""criteria_anatomy_severity_extent_or_timing_insufficient"",""llm_review:Tricompartmental disease includes the lateral compartment, but lateral cartilage-loss depth and extent are unspecified.""]",KEEP,PASS,PASS,PASS,PASS,PASS,PASS,PASS,GPT-6.1 Sol independent text reviewer C,三间室退变包括外侧，未跨间室使用全层损失。
1.2.826.0.1.3680043.8.498.10147717839726734017869499799005084725,PF OA,feaf0dc659ea1f01a840fb484a5808369937b3078aed1dcb415b27da396d7ca8,PRESENT,"[""Diz eklemindeki trikompartmantal dejeneratif eklem hastalığı patellofemoral kompartmanda en belirgin ve lateral patellar faset ile patella apeksinde tam kata ulaşan eklem kıkırdağı kaybı ve dejenerasyonu, subkondral medüller fibrokistik ve fibrovasküler değişiklikler ve marjinal osteofitlerle karakterize.""]",UNKNOWN,"[""criteria_anatomy_severity_extent_or_timing_insufficient"",""llm_review:Full-thickness cartilage loss is reported, but its extent is not measured.""]",KEEP,PASS,PASS,PASS,PASS,PASS,PASS,PASS,GPT-6.1 Sol independent text reviewer C,髌骨外侧面与尖部全层损失明确，无毫米范围，UNKNOWN正确。
1.2.826.0.1.3680043.8.498.10147717839726734017869499799005084725,Effusion,feaf0dc659ea1f01a840fb484a5808369937b3078aed1dcb415b27da396d7ca8,PRESENT,"[""Diz eklemi içi sıvı miktarı minimal artmış.""]",NO,"[""explicit_subthreshold_or_alternative""]",KEEP,PASS,PASS,PASS,PASS,PASS,PASS,PASS,GPT-6.1 Sol independent text reviewer C,关节液仅最小增加，MILD亚阈值NO正确。
1.2.826.0.1.3680043.8.498.10147717839726734017869499799005084725,Synovitis,feaf0dc659ea1f01a840fb484a5808369937b3078aed1dcb415b27da396d7ca8,NOT_MENTIONED,[],UNKNOWN,[],KEEP,PASS,PASS,PASS,PASS,PASS,PASS,PASS,GPT-6.1 Sol independent text reviewer C,少量液体不能推断滑膜炎，未提及合理。
1.2.826.0.1.3680043.8.498.10147717839726734017869499799005084725,Baker's,feaf0dc659ea1f01a840fb484a5808369937b3078aed1dcb415b27da396d7ca8,NOT_MENTIONED,[],UNKNOWN,[],KEEP,PASS,PASS,PASS,PASS,PASS,PASS,PASS,GPT-6.1 Sol independent text reviewer C,未描述腘窝Baker囊肿，未知合理。
1.2.826.0.1.3680043.8.498.10147717839726734017869499799005084725,Contusion,feaf0dc659ea1f01a840fb484a5808369937b3078aed1dcb415b27da396d7ca8,NOT_MENTIONED,[],UNKNOWN,[],KEEP,PASS,PASS,PASS,PASS,PASS,PASS,PASS,GPT-6.1 Sol independent text reviewer C,纤维囊性与血管改变无直接创伤性骨髓水肿，未提及骨挫伤合理。
1.2.826.0.1.3680043.8.498.10147717839726734017869499799005084725,Fracture,feaf0dc659ea1f01a840fb484a5808369937b3078aed1dcb415b27da396d7ca8,NOT_MENTIONED,[],UNKNOWN,[],KEEP,PASS,PASS,PASS,PASS,PASS,PASS,PASS,GPT-6.1 Sol independent text reviewer C,没有骨折线、皮质断裂或骨折否定，保留未提及。
1.2.826.0.1.3680043.8.498.10135587809070718435691939321937314104,ACL,b4c9a24299709da16ef9205bb296bcaea08528d8e69ee9e8e20cebb11cbe977f,ABSENT,"[""Ligamentos conservados y colaterales de grosor y señal conservados.""]",NO,"[""llm_review:ACL covered by a general statement of preserved ligaments; not individually named.""]",KEEP,PASS,PASS,PASS,PASS,PASS,PASS,PASS,GPT-6.1 Sol independent text reviewer C,所见韧带保留正常泛称覆盖ACL，非病史引用。
1.2.826.0.1.3680043.8.498.10135587809070718435691939321937314104,MCL,b4c9a24299709da16ef9205bb296bcaea08528d8e69ee9e8e20cebb11cbe977f,ABSENT,"[""Ligamentos conservados y colaterales de grosor y señal conservados.""]",NO,[],KEEP,PASS,PASS,PASS,PASS,PASS,PASS,PASS,GPT-6.1 Sol independent text reviewer C,侧副韧带厚度和信号保留包含MCL，支持NO。
1.2.826.0.1.3680043.8.498.10135587809070718435691939321937314104,Medial Meniscus,b4c9a24299709da16ef9205bb296bcaea08528d8e69ee9e8e20cebb11cbe977f,PRESENT,"[""Moderada extrusión del menisco medial, con rotura radial de los dos tercios internos del cuerno\nposterior."",""Rotura compleja de la región corporal, con fibrilación del borde libre, un componente\nvertical oblicuo y otro horizontal, que determina desplazamiento de tejido meniscal al receso\nmenisco tibial."",""Rotura radial prácticamente completa del cuerno posterior del menisco medial""]",YES,"[""history_or_postoperative_scope_review""]",KEEP,PASS,PASS,PASS,PASS,PASS,PASS,PASS,GPT-6.1 Sol independent text reviewer C,内侧近全径放射及复杂撕裂为当前所见，YES正确，posterior触发病史审计为误报。
1.2.826.0.1.3680043.8.498.10135587809070718435691939321937314104,Lateral Meniscus,b4c9a24299709da16ef9205bb296bcaea08528d8e69ee9e8e20cebb11cbe977f,PRESENT,"[""El menisco lateral presenta fibrilación difusa de su borde libre, con alteración de señal\nintrasustancia del cuerno anterior de carácter degenerativo."",""Cambios degenerativos del menisco lateral, con fibrilación difusa del borde libre.""]",NO,"[""explicit_subthreshold_or_alternative"",""llm_review:Degenerative intrasubstance signal and free-edge fibrillation; no definite tear diagnosis.""]",KEEP,PASS,PASS,PASS,PASS,PASS,PASS,PASS,GPT-6.1 Sol independent text reviewer C,外侧内部退变信号与边缘毛糙无明确撕裂诊断，NO合理。
1.2.826.0.1.3680043.8.498.10135587809070718435691939321937314104,Medial OA,b4c9a24299709da16ef9205bb296bcaea08528d8e69ee9e8e20cebb11cbe977f,PRESENT,"[""Adelgazamiento condral difuso de espesor total de la región anterior y central de carga del\ncompartimento femorotibial medial."",""Condropatía femorotibial medial difusa grado 4, con edema óseo regional sugerente de\nfenómenos de sobrecarga.""]",UNKNOWN,"[""criteria_anatomy_severity_extent_or_timing_insufficient"",""llm_review:Diffuse full-thickness loss is described, but its extent is not quantified against the approximately 10 mm threshold.""]",KEEP,PASS,PASS,PASS,PASS,PASS,PASS,PASS,GPT-6.1 Sol independent text reviewer C,内侧负重区弥漫全层损失及4级病变明确，范围未量化，UNKNOWN合理。
1.2.826.0.1.3680043.8.498.10135587809070718435691939321937314104,Lateral OA,b4c9a24299709da16ef9205bb296bcaea08528d8e69ee9e8e20cebb11cbe977f,PRESENT,"[""Irregularidad superficial difusa del cartílago del compartimento femorotibial lateral."",""Condropatía femorotibial lateral grado 2.""]",NO,"[""explicit_subthreshold_or_alternative"",""llm_review:Only superficial cartilage irregularity is described; grading convention and measured extent are unspecified.""]",KEEP,PASS,PASS,PASS,PASS,PASS,PASS,PASS,GPT-6.1 Sol independent text reviewer C,外侧仅表面不规则及2级软骨病，低级别事实支持NO。
1.2.826.0.1.3680043.8.498.10135587809070718435691939321937314104,PF OA,b4c9a24299709da16ef9205bb296bcaea08528d8e69ee9e8e20cebb11cbe977f,PRESENT,"[""Moderado adelgazamiento condral con úlceras de espesor total en la región central y faceta\nmedial de la patela."",""Irregularidad superficial difusa del cartílago troclear, con adelgazamiento de\nespesor moderado en la vertiente medial."",""Condropatía patelar grado 3-4 y troclear grado 2-3.""]",UNKNOWN,"[""criteria_anatomy_severity_extent_or_timing_insufficient"",""llm_review:Full-thickness patellar ulcers are present, but their extent is not quantified.""]",KEEP,PASS,PASS,PASS,PASS,PASS,PASS,PASS,GPT-6.1 Sol independent text reviewer C,髌骨全层溃疡和滑车中度变薄定位准确，无范围，UNKNOWN适当。
1.2.826.0.1.3680043.8.498.10135587809070718435691939321937314104,Effusion,b4c9a24299709da16ef9205bb296bcaea08528d8e69ee9e8e20cebb11cbe977f,PRESENT,"[""Leve a moderado derrame articular""]",UNKNOWN,"[""criteria_anatomy_severity_extent_or_timing_insufficient"",""llm_review:Severity spans mild to moderate; joint distension is not described.""]",KEEP,PASS,PASS,PASS,PASS,PASS,PASS,PASS,GPT-6.1 Sol independent text reviewer C,轻至中量跨阈值且未描述扩张，保留UNKNOWN。
1.2.826.0.1.3680043.8.498.10135587809070718435691939321937314104,Synovitis,b4c9a24299709da16ef9205bb296bcaea08528d8e69ee9e8e20cebb11cbe977f,PRESENT,"[""leve engrosamiento sinovial difuso"",""leve sinovitis difusa""]",YES,[],KEEP,PASS,PASS,PASS,PASS,PASS,PASS,PASS,GPT-6.1 Sol independent text reviewer C,直接轻度弥漫滑膜增厚和滑膜炎支持YES。
1.2.826.0.1.3680043.8.498.10135587809070718435691939321937314104,Baker's,b4c9a24299709da16ef9205bb296bcaea08528d8e69ee9e8e20cebb11cbe977f,ABSENT,"[""No hay quistes\npoplíteos.""]",NO,[],KEEP,PASS,PASS,PASS,PASS,PASS,PASS,PASS,GPT-6.1 Sol independent text reviewer C,明确无腘窝囊肿全面覆盖Baker，NO正确。
1.2.826.0.1.3680043.8.498.10135587809070718435691939321937314104,Contusion,b4c9a24299709da16ef9205bb296bcaea08528d8e69ee9e8e20cebb11cbe977f,PRESENT,"[""moderado edema óseo regional de ambas\nsuperficies, con esclerosis subcondral y osteofitos marginales."",""Condropatía femorotibial medial difusa grado 4, con edema óseo regional sugerente de\nfenómenos de sobrecarga.""]",NO,"[""explicit_subthreshold_or_alternative"",""llm_review:The reported marrow edema accompanies degenerative chondropathy and is attributed to overload; no traumatic contusion diagnosis or lesion-specific fracture-line assessment is provided.""]",KEEP,PASS,PASS,PASS,PASS,PASS,PASS,PASS,GPT-6.1 Sol independent text reviewer C,骨水肿伴硬化骨赘及过负荷退变，替代性PRESENT和退变性NO正确。
1.2.826.0.1.3680043.8.498.10135587809070718435691939321937314104,Fracture,b4c9a24299709da16ef9205bb296bcaea08528d8e69ee9e8e20cebb11cbe977f,NOT_MENTIONED,[],UNKNOWN,[],KEEP,PASS,PASS,PASS,PASS,PASS,PASS,PASS,GPT-6.1 Sol independent text reviewer C,无骨折描述，无弥漫骨髓异常不能当骨折否定。
1.2.826.0.1.3680043.8.498.10100718559177860518999368876392117659,ACL,e5bd2180650d1e70cb1a86a479f682f3721b0dfd532df9c779762699acc2b8ca,ABSENT,"[""Anterior cruciate ligament (ACL): Normal with both bundles intact.""]",NO,[],KEEP,PASS,PASS,PASS,PASS,PASS,PASS,PASS,GPT-6.1 Sol independent text reviewer C,ACL双束正常完整全面排除高级别，NO正确。
1.2.826.0.1.3680043.8.498.10100718559177860518999368876392117659,MCL,e5bd2180650d1e70cb1a86a479f682f3721b0dfd532df9c779762699acc2b8ca,ABSENT,"[""Medial collateral ligament (MCL): Normal.""]",NO,[],KEEP,PASS,PASS,PASS,PASS,PASS,PASS,PASS,GPT-6.1 Sol independent text reviewer C,MCL正常是直接全面阴性，非病史。
1.2.826.0.1.3680043.8.498.10100718559177860518999368876392117659,Medial Meniscus,e5bd2180650d1e70cb1a86a479f682f3721b0dfd532df9c779762699acc2b8ca,ABSENT,"[""Medial meniscus: Normal in morphology and signal."",""No MR evidence for medial meniscal tear.""]",NO,[],KEEP,PASS,PASS,PASS,PASS,PASS,PASS,PASS,GPT-6.1 Sol independent text reviewer C,内侧正常及结论无撕裂，不受检查目的疑似撕裂干扰。
1.2.826.0.1.3680043.8.498.10100718559177860518999368876392117659,Lateral Meniscus,e5bd2180650d1e70cb1a86a479f682f3721b0dfd532df9c779762699acc2b8ca,ABSENT,"[""Lateral meniscus: Normal in morphology and signal.""]",NO,[],KEEP,PASS,PASS,PASS,PASS,PASS,PASS,PASS,GPT-6.1 Sol independent text reviewer C,外侧形态信号正常支持独立NO。
1.2.826.0.1.3680043.8.498.10100718559177860518999368876392117659,Medial OA,e5bd2180650d1e70cb1a86a479f682f3721b0dfd532df9c779762699acc2b8ca,ABSENT,"[""Medial compartment cartilage: No focal full-thickness cartilage defects.""]",UNKNOWN,"[""llm_review:The negative excludes only focal full-thickness defects; qualifying partial-thickness cartilage loss is not excluded. Cartilage depth and extent are unspecified."",""negative_scope_insufficient""]",KEEP,PASS,PASS,PASS,PASS,PASS,PASS,PASS,GPT-6.1 Sol independent text reviewer C,内侧仅无局灶全层缺损，不排除部分厚度与弥漫损失，UNKNOWN正确。
1.2.826.0.1.3680043.8.498.10100718559177860518999368876392117659,Lateral OA,e5bd2180650d1e70cb1a86a479f682f3721b0dfd532df9c779762699acc2b8ca,ABSENT,"[""Lateral compartment cartilage: No focal full-thickness cartilage defects.""]",UNKNOWN,"[""llm_review:The negative excludes only focal full-thickness defects; qualifying partial-thickness cartilage loss is not excluded. Cartilage depth and extent are unspecified."",""negative_scope_insufficient""]",KEEP,PASS,PASS,PASS,PASS,PASS,PASS,PASS,GPT-6.1 Sol independent text reviewer C,外侧无局灶全层缺损是有限否定，全面absence留空正确。
1.2.826.0.1.3680043.8.498.10100718559177860518999368876392117659,PF OA,e5bd2180650d1e70cb1a86a479f682f3721b0dfd532df9c779762699acc2b8ca,ABSENT,"[""Patellofemoral compartment cartilage: No focal full-thickness cartilage defects.""]",UNKNOWN,"[""llm_review:The negative excludes only focal full-thickness defects; qualifying partial-thickness cartilage loss is not excluded. Cartilage depth and extent are unspecified."",""negative_scope_insufficient""]",KEEP,PASS,PASS,PASS,PASS,PASS,PASS,PASS,GPT-6.1 Sol independent text reviewer C,髌股无局灶全层缺损不足排除全部OA目标，UNKNOWN合理。
1.2.826.0.1.3680043.8.498.10100718559177860518999368876392117659,Effusion,e5bd2180650d1e70cb1a86a479f682f3721b0dfd532df9c779762699acc2b8ca,ABSENT,"[""Physiologic joint fluid without large volume effusion.""]",NO,[],KEEP,PASS,PASS,PASS,PASS,PASS,PASS,PASS,GPT-6.1 Sol independent text reviewer C,生理量液体本身支持无异常积液及亚阈值NO，不单凭无大量措辞。
1.2.826.0.1.3680043.8.498.10100718559177860518999368876392117659,Synovitis,e5bd2180650d1e70cb1a86a479f682f3721b0dfd532df9c779762699acc2b8ca,NOT_MENTIONED,[],UNKNOWN,[],KEEP,PASS,PASS,PASS,PASS,PASS,PASS,PASS,GPT-6.1 Sol independent text reviewer C,无直接滑膜炎证据，未提及正确。
1.2.826.0.1.3680043.8.498.10100718559177860518999368876392117659,Baker's,e5bd2180650d1e70cb1a86a479f682f3721b0dfd532df9c779762699acc2b8ca,ABSENT,"[""No Baker's cyst.""]",NO,[],KEEP,PASS,PASS,PASS,PASS,PASS,PASS,PASS,GPT-6.1 Sol independent text reviewer C,明确无Baker囊肿全面支持ABSENT与NO。
1.2.826.0.1.3680043.8.498.10100718559177860518999368876392117659,Contusion,e5bd2180650d1e70cb1a86a479f682f3721b0dfd532df9c779762699acc2b8ca,ABSENT,"[""No acute fracture or bone bruise."",""Background marrow signal is normal without infiltrative marrow process.""]",NO,[],KEEP,PASS,PASS,PASS,PASS,PASS,PASS,PASS,GPT-6.1 Sol independent text reviewer C,直接无骨挫伤且骨髓正常支持NO。
1.2.826.0.1.3680043.8.498.10100718559177860518999368876392117659,Fracture,e5bd2180650d1e70cb1a86a479f682f3721b0dfd532df9c779762699acc2b8ca,ABSENT,"[""No acute fracture or bone bruise.""]",NO,[],KEEP,PASS,PASS,PASS,PASS,PASS,PASS,PASS,GPT-6.1 Sol independent text reviewer C,明确无急性骨折排除竞争目标，NO正确。
1.2.826.0.1.3680043.8.498.10274956886032850418742861294277331382,ACL,cab45615e007575406990a1e1a7bac9d54898d67cec76cf50b49e04cea698d45,ABSENT,"[""Anterior cruciate ligament (ACL): Normal with both bundles intact.""]",NO,[],KEEP,PASS,PASS,PASS,PASS,PASS,PASS,PASS,GPT-6.1 Sol independent text reviewer C,ACL双束正常完整，全面否定支持NO。
1.2.826.0.1.3680043.8.498.10274956886032850418742861294277331382,MCL,cab45615e007575406990a1e1a7bac9d54898d67cec76cf50b49e04cea698d45,ABSENT,"[""Medial collateral ligament (MCL): Normal.""]",NO,[],KEEP,PASS,PASS,PASS,PASS,PASS,PASS,PASS,GPT-6.1 Sol independent text reviewer C,MCL直接正常，解剖定位正确。
1.2.826.0.1.3680043.8.498.10274956886032850418742861294277331382,Medial Meniscus,cab45615e007575406990a1e1a7bac9d54898d67cec76cf50b49e04cea698d45,ABSENT,"[""Medial meniscus: Normal in morphology and signal.""]",NO,[],KEEP,PASS,PASS,PASS,PASS,PASS,PASS,PASS,GPT-6.1 Sol independent text reviewer C,内侧半月板形态信号正常，NO正确。
1.2.826.0.1.3680043.8.498.10274956886032850418742861294277331382,Lateral Meniscus,cab45615e007575406990a1e1a7bac9d54898d67cec76cf50b49e04cea698d45,ABSENT,"[""Lateral meniscus: Normal in morphology and signal.""]",NO,[],KEEP,PASS,PASS,PASS,PASS,PASS,PASS,PASS,GPT-6.1 Sol independent text reviewer C,外侧半月板形态信号正常，独立NO。
1.2.826.0.1.3680043.8.498.10274956886032850418742861294277331382,Medial OA,cab45615e007575406990a1e1a7bac9d54898d67cec76cf50b49e04cea698d45,ABSENT,"[""Medial compartment cartilage: No focal cartilage defects.""]",UNKNOWN,"[""llm_review:Negative statement is limited to focal cartilage defects; diffuse cartilage thinning is not explicitly excluded."",""negative_scope_insufficient""]",KEEP,PASS,PASS,PASS,PASS,PASS,PASS,PASS,GPT-6.1 Sol independent text reviewer C,内侧无局灶缺损未覆盖弥漫损失，UNKNOWN合理。
1.2.826.0.1.3680043.8.498.10274956886032850418742861294277331382,Lateral OA,cab45615e007575406990a1e1a7bac9d54898d67cec76cf50b49e04cea698d45,ABSENT,"[""Lateral compartment cartilage: No focal cartilage defects.""]",UNKNOWN,"[""llm_review:Negative statement is limited to focal cartilage defects; diffuse cartilage thinning is not explicitly excluded."",""negative_scope_insufficient""]",KEEP,PASS,PASS,PASS,PASS,PASS,PASS,PASS,GPT-6.1 Sol independent text reviewer C,外侧无局灶缺损未全面排除退变，absence留空正确。
1.2.826.0.1.3680043.8.498.10274956886032850418742861294277331382,PF OA,cab45615e007575406990a1e1a7bac9d54898d67cec76cf50b49e04cea698d45,PRESENT,"[""Full-thickness cartilage fissuring medial patellar facet and median ridge with subchondral bone marrow edema."",""Partial-thickness cartilage loss lateral patellar facet."",""Full-thickness cartilage fissuring central trochlea with subchondral cystic change and intense subchondral bone marrow edema."",""Findings of active lateral patellar maltracking with high grade patellofemoral chondrosis.""]",UNKNOWN,"[""criteria_anatomy_severity_extent_or_timing_insufficient"",""llm_review:Cartilage lesion extent is not reported; the TT-TG measurement is not cartilage lesion extent."",""llm_review:Full-thickness fissuring is described, but cartilage thickness loss greater than 50% is not explicitly established."",""llm_review:Timing is unspecified.""]",KEEP,PASS,PASS,PASS,PASS,PASS,PASS,PASS,GPT-6.1 Sol independent text reviewer C,髌股高级别病、全层裂隙及部分厚度损失存在；缺深度范围，不拿TT-TG10毫米当病变范围。
1.2.826.0.1.3680043.8.498.10274956886032850418742861294277331382,Effusion,cab45615e007575406990a1e1a7bac9d54898d67cec76cf50b49e04cea698d45,ABSENT,"[""No joint effusion.""]",NO,[],KEEP,PASS,PASS,PASS,PASS,PASS,PASS,PASS,GPT-6.1 Sol independent text reviewer C,直接无关节积液支持NO。
1.2.826.0.1.3680043.8.498.10274956886032850418742861294277331382,Synovitis,cab45615e007575406990a1e1a7bac9d54898d67cec76cf50b49e04cea698d45,NOT_MENTIONED,[],UNKNOWN,[],KEEP,PASS,PASS,PASS,PASS,PASS,PASS,PASS,GPT-6.1 Sol independent text reviewer C,Hoffa水肿不是滑膜炎直接证据，未提及合理。
1.2.826.0.1.3680043.8.498.10274956886032850418742861294277331382,Baker's,cab45615e007575406990a1e1a7bac9d54898d67cec76cf50b49e04cea698d45,PRESENT,"[""Small partially ruptured Baker's cyst.""]",NO,"[""explicit_subthreshold_or_alternative"",""llm_review:Partial rupture is described; timing is unspecified."",""llm_review:Small cyst is below the moderate/large size threshold.""]",KEEP,PASS,PASS,PASS,PASS,PASS,PASS,PASS,GPT-6.1 Sol independent text reviewer C,小且部分破裂Baker不等于中大量，MILD与NO正确。
1.2.826.0.1.3680043.8.498.10274956886032850418742861294277331382,Contusion,cab45615e007575406990a1e1a7bac9d54898d67cec76cf50b49e04cea698d45,ABSENT,"[""No acute fracture or bone bruise.""]",NO,[],KEEP,PASS,PASS,PASS,PASS,PASS,PASS,PASS,GPT-6.1 Sol independent text reviewer C,明确无bone bruise；软骨下水肿属软骨病语境，不与创伤否定冲突。
1.2.826.0.1.3680043.8.498.10274956886032850418742861294277331382,Fracture,cab45615e007575406990a1e1a7bac9d54898d67cec76cf50b49e04cea698d45,ABSENT,"[""No acute fracture or bone bruise.""]",NO,[],KEEP,PASS,PASS,PASS,PASS,PASS,PASS,PASS,GPT-6.1 Sol independent text reviewer C,直接无急性骨折支持NO，未以水肿反推骨折。
1.2.826.0.1.3680043.8.498.10522585237725235866013737575867341946,ACL,bc35ac1474e76bbbbfd3ab2a9662c195f9f516dbc3c50df7f7c79f9a2d5d7ca5,PRESENT,"[""Ön çapraz bağda miksoid dejenerasyon ile uyumlu sinyal artışı izlendi.""]",NO,"[""explicit_subthreshold_or_alternative"",""llm_review:Only mucoid degeneration and increased signal are described; timing is unspecified.""]",KEEP,PASS,PASS,PASS,PASS,PASS,PASS,PASS,GPT-6.1 Sol independent text reviewer C,ACL仅黏液样变性和信号增加，PRESENT但亚阈值NO合理。
1.2.826.0.1.3680043.8.498.10522585237725235866013737575867341946,MCL,bc35ac1474e76bbbbfd3ab2a9662c195f9f516dbc3c50df7f7c79f9a2d5d7ca5,PRESENT,"[""Medial ve lateral  kollateral ligamen çevresinde ligamentöz ödem mevcuttur ( grade I  sprain ).""]",NO,"[""explicit_subthreshold_or_alternative"",""llm_review:Grade I sprain is subthreshold; acute timing is not explicitly established."",""timing_or_trauma_review""]",KEEP,PASS,PASS,PASS,PASS,PASS,PASS,PASS,GPT-6.1 Sol independent text reviewer C,内外侧侧副韧带周围水肿为I级扭伤，内侧定位及轻度NO合理。
1.2.826.0.1.3680043.8.498.10522585237725235866013737575867341946,Medial Meniscus,bc35ac1474e76bbbbfd3ab2a9662c195f9f516dbc3c50df7f7c79f9a2d5d7ca5,PRESENT,"[""Medial menisküste grade III dejenerasyon ve posterior hornunda  horizyontal yırtık izlendi ."",""Medial menisküs ekstrüe görünümdedir.""]",YES,"[""history_or_postoperative_scope_review"",""llm_review:Grade III describes degeneration rather than tear severity; timing is unspecified.""]",KEEP,PASS,PASS,PASS,PASS,PASS,PASS,PASS,GPT-6.1 Sol independent text reviewer C,内侧III级退变之外明确后角水平撕裂和挤出，YES有直接诊断。
1.2.826.0.1.3680043.8.498.10522585237725235866013737575867341946,Lateral Meniscus,bc35ac1474e76bbbbfd3ab2a9662c195f9f516dbc3c50df7f7c79f9a2d5d7ca5,PRESENT,"[""Lateral menisküste maserasyon , volüm kaybı ve horizontal yırtık izlendi.""]",YES,"[""llm_review:Tear segment, severity and timing are unspecified.""]",KEEP,PASS,PASS,PASS,PASS,PASS,PASS,PASS,GPT-6.1 Sol independent text reviewer C,外侧浸渍、体积损失及水平撕裂明确，YES正确。
1.2.826.0.1.3680043.8.498.10522585237725235866013737575867341946,Medial OA,bc35ac1474e76bbbbfd3ab2a9662c195f9f516dbc3c50df7f7c79f9a2d5d7ca5,UNCERTAIN,"[""Diz eklemini oluşturan kemik yapılarda osteofitik sivrileşmeler tibiofemoral eklem mesafesinde daralma , komşu kartilajlarda incelme izlendi ( dejeneratif artrit bulguları ).""]",UNKNOWN,"[""anatomy_missing_or_wrong"",""llm_review:Tibiofemoral degeneration is not localized to the medial compartment; cartilage loss depth and extent are unspecified."",""uncertain_report""]",MASK,PASS,PASS,PASS,PASS,PASS,PASS,PASS,GPT-6.1 Sol independent text reviewer C,胫股退变未注明内侧，UNKNOWN解剖合理；虽语义保守无误，critical解剖合同要求MASK。
1.2.826.0.1.3680043.8.498.10522585237725235866013737575867341946,Lateral OA,bc35ac1474e76bbbbfd3ab2a9662c195f9f516dbc3c50df7f7c79f9a2d5d7ca5,UNCERTAIN,"[""Diz eklemini oluşturan kemik yapılarda osteofitik sivrileşmeler tibiofemoral eklem mesafesinde daralma , komşu kartilajlarda incelme izlendi ( dejeneratif artrit bulguları ).""]",UNKNOWN,"[""anatomy_missing_or_wrong"",""llm_review:Tibiofemoral degeneration is not localized to the lateral compartment; cartilage loss depth and extent are unspecified."",""uncertain_report""]",MASK,PASS,PASS,PASS,PASS,PASS,PASS,PASS,GPT-6.1 Sol independent text reviewer C,胫股退变未注明外侧，不能补侧别；critical解剖合同排除，UNKNOWN事实合理。
1.2.826.0.1.3680043.8.498.10522585237725235866013737575867341946,PF OA,bc35ac1474e76bbbbfd3ab2a9662c195f9f516dbc3c50df7f7c79f9a2d5d7ca5,PRESENT,"[""Patellofemoral eklem lateral fasette komşu kıkırdaklarda incelme eklem mesafesinde daralma ve subkondral kemik iliği ödemleri izlendi(artroz)."",""Ayrıca lateral fasette 10x4 mm boyutlarında osteokondral defekt izlendi.""]",UNKNOWN,"[""criteria_anatomy_severity_extent_or_timing_insufficient"",""llm_review:The osteochondral defect measures 10 mm in one dimension, but cartilage loss exceeding 50% thickness is not established.""]",KEEP,PASS,PASS,PASS,PASS,PASS,PASS,PASS,GPT-6.1 Sol independent text reviewer C,髌股外侧面软骨变薄及10x4毫米骨软骨缺损，范围满足但深度不明，UNKNOWN正确。
1.2.826.0.1.3680043.8.498.10522585237725235866013737575867341946,Effusion,bc35ac1474e76bbbbfd3ab2a9662c195f9f516dbc3c50df7f7c79f9a2d5d7ca5,PRESENT,"[""Suprapatellar bursada sıvı artışı , lateral reseslerde , suprapatellar bursada ve diz eklemi içerisinde  yaygın sıvı artışları izlendi.""]",UNKNOWN,"[""criteria_anatomy_severity_extent_or_timing_insufficient"",""llm_review:Widespread increased fluid is described, but moderate/large volume and joint distension are not explicitly established; timing is unspecified.""]",KEEP,PASS,PASS,PASS,PASS,PASS,PASS,PASS,GPT-6.1 Sol independent text reviewer C,关节及髌上囊广泛液体增加是真实积液，但量级和扩张未描述，UNKNOWN合理。
1.2.826.0.1.3680043.8.498.10522585237725235866013737575867341946,Synovitis,bc35ac1474e76bbbbfd3ab2a9662c195f9f516dbc3c50df7f7c79f9a2d5d7ca5,NOT_MENTIONED,[],UNKNOWN,[],KEEP,PASS,PASS,PASS,PASS,PASS,PASS,PASS,GPT-6.1 Sol independent text reviewer C,液体和软组织水肿不等于滑膜炎，未提及正确。
1.2.826.0.1.3680043.8.498.10522585237725235866013737575867341946,Baker's,bc35ac1474e76bbbbfd3ab2a9662c195f9f516dbc3c50df7f7c79f9a2d5d7ca5,PRESENT,"[""Popliteal fossada 22 mm boyutlarında baker kisti izlendi.""]",UNKNOWN,"[""criteria_anatomy_severity_extent_or_timing_insufficient"",""llm_review:A 22 mm Baker cyst is reported without a moderate/large size classification; timing is unspecified.""]",KEEP,PASS,PASS,PASS,PASS,PASS,PASS,PASS,GPT-6.1 Sol independent text reviewer C,腘窝22毫米Baker定位明确，无中大量程度分级，UNKNOWN合理。
1.2.826.0.1.3680043.8.498.10522585237725235866013737575867341946,Contusion,bc35ac1474e76bbbbfd3ab2a9662c195f9f516dbc3c50df7f7c79f9a2d5d7ca5,UNCERTAIN,"[""Tibia interkondiler tübrkul lateral düzeyde subkondral kemik iliği ödemi izlendi."",""Patellofemoral eklem lateral fasette komşu kıkırdaklarda incelme eklem mesafesinde daralma ve subkondral kemik iliği ödemleri izlendi(artroz).""]",UNKNOWN,"[""llm_review:Patellofemoral edema accompanies arthrosis; the tibial edema has no explicit traumatic or degenerative attribution. Absence of a fracture line and acute timing are not established."",""uncertain_report""]",KEEP,PASS,PASS,PASS,PASS,PASS,PASS,PASS,GPT-6.1 Sol independent text reviewer C,胫骨软骨下水肿性质不明，髌股水肿伴退变，保守UNCERTAIN不冒认创伤合理。
1.2.826.0.1.3680043.8.498.10522585237725235866013737575867341946,Fracture,bc35ac1474e76bbbbfd3ab2a9662c195f9f516dbc3c50df7f7c79f9a2d5d7ca5,NOT_MENTIONED,[],UNKNOWN,[],KEEP,PASS,PASS,PASS,PASS,PASS,PASS,PASS,GPT-6.1 Sol independent text reviewer C,骨软骨缺损未直接诊断骨折线或急性骨折，未提及正确。
1.2.826.0.1.3680043.8.498.10852517092524464338210061305792376636,ACL,615f7f98b14f309f0fcb9873c27a5ee0ec841a6bdb9f2d59309553360c3cbb83,UNCERTAIN,"[""R/O Complete ACL tear.""]",UNKNOWN,"[""llm_review:Complete tear is qualified by R/O."",""llm_review:Timing is unspecified."",""uncertain_report""]",KEEP,PASS,PASS,PASS,PASS,PASS,PASS,PASS,GPT-6.1 Sol independent text reviewer C,R/O完整ACL撕裂明确为待排，不作确定阳性，UNKNOWN正确。
1.2.826.0.1.3680043.8.498.10852517092524464338210061305792376636,MCL,615f7f98b14f309f0fcb9873c27a5ee0ec841a6bdb9f2d59309553360c3cbb83,UNCERTAIN,"[""R/O Mild medial & lateral collateral ligament sprain.""]",UNKNOWN,"[""llm_mapper_disagreement"",""llm_review:Acute timing is unspecified."",""llm_review:Only a suspected mild sprain is described."",""uncertain_report""]",KEEP,PASS,PASS,PASS,PASS,PASS,PASS,PASS,GPT-6.1 Sol independent text reviewer C,R/O轻度内侧扭伤为疑似且急性未知；最终mapper UNKNOWN合理，未采纳LLM的NO提案。
1.2.826.0.1.3680043.8.498.10852517092524464338210061305792376636,Medial Meniscus,615f7f98b14f309f0fcb9873c27a5ee0ec841a6bdb9f2d59309553360c3cbb83,PRESENT,"[""Tear of posterior horn of medial meniscus.""]",YES,"[""history_or_postoperative_scope_review""]",KEEP,PASS,PASS,PASS,PASS,PASS,PASS,PASS,GPT-6.1 Sol independent text reviewer C,内侧后角撕裂明确当前诊断支持YES，posterior不是既往病史。
1.2.826.0.1.3680043.8.498.10852517092524464338210061305792376636,Lateral Meniscus,615f7f98b14f309f0fcb9873c27a5ee0ec841a6bdb9f2d59309553360c3cbb83,UNCERTAIN,"[""Equivocal tear over posterior horn of lateral meniscus.""]",UNKNOWN,"[""history_or_postoperative_scope_review"",""llm_review:Tear diagnosis is equivocal."",""uncertain_report""]",KEEP,PASS,PASS,PASS,PASS,PASS,PASS,PASS,GPT-6.1 Sol independent text reviewer C,外侧后角Equivocal撕裂为疑似，UNKNOWN正确。
1.2.826.0.1.3680043.8.498.10852517092524464338210061305792376636,Medial OA,615f7f98b14f309f0fcb9873c27a5ee0ec841a6bdb9f2d59309553360c3cbb83,NOT_MENTIONED,[],UNKNOWN,[],KEEP,PASS,PASS,PASS,PASS,PASS,PASS,PASS,GPT-6.1 Sol independent text reviewer C,未描述内侧间室软骨退变，NOT_MENTIONED合理。
1.2.826.0.1.3680043.8.498.10852517092524464338210061305792376636,Lateral OA,615f7f98b14f309f0fcb9873c27a5ee0ec841a6bdb9f2d59309553360c3cbb83,NOT_MENTIONED,[],UNKNOWN,[],KEEP,PASS,PASS,PASS,PASS,PASS,PASS,PASS,GPT-6.1 Sol independent text reviewer C,未描述外侧软骨退变，不能从骨挫伤补OA。
1.2.826.0.1.3680043.8.498.10852517092524464338210061305792376636,PF OA,615f7f98b14f309f0fcb9873c27a5ee0ec841a6bdb9f2d59309553360c3cbb83,ABSENT,"[""Intact patellar cartilage.""]",UNKNOWN,"[""llm_review:The negative covers patellar cartilage only; trochlear cartilage is not assessed explicitly."",""negative_scope_insufficient""]",KEEP,PASS,PASS,PASS,PASS,PASS,PASS,PASS,GPT-6.1 Sol independent text reviewer C,仅髌骨软骨完整未评价滑车，全面absence留空及UNKNOWN正确。
1.2.826.0.1.3680043.8.498.10852517092524464338210061305792376636,Effusion,615f7f98b14f309f0fcb9873c27a5ee0ec841a6bdb9f2d59309553360c3cbb83,PRESENT,"[""Mild to moderate knee joint effusion with synovial hypertrophy.""]",UNKNOWN,"[""criteria_anatomy_severity_extent_or_timing_insufficient"",""llm_review:Joint distension is not explicitly described."",""llm_review:Severity spans mild and moderate.""]",KEEP,PASS,PASS,PASS,PASS,PASS,PASS,PASS,GPT-6.1 Sol independent text reviewer C,轻至中量积液跨阈值且无扩张证据，不定量推成YES。
1.2.826.0.1.3680043.8.498.10852517092524464338210061305792376636,Synovitis,615f7f98b14f309f0fcb9873c27a5ee0ec841a6bdb9f2d59309553360c3cbb83,PRESENT,"[""Mild to moderate knee joint effusion with synovial hypertrophy. R/O Synovitis."",""Mild to moderate knee joint effusion with synovitis.""]",YES,"[""llm_review:Findings qualify the diagnosis with R/O, but directly describe synovial hypertrophy; the impression states synovitis.""]",KEEP,PASS,PASS,PASS,PASS,PASS,PASS,PASS,GPT-6.1 Sol independent text reviewer C,直接滑膜肥厚独立支持滑膜炎，结论明确诊断；保留R/O证据不构成阳阴矛盾。
1.2.826.0.1.3680043.8.498.10852517092524464338210061305792376636,Baker's,615f7f98b14f309f0fcb9873c27a5ee0ec841a6bdb9f2d59309553360c3cbb83,NOT_MENTIONED,[],UNKNOWN,[],KEEP,PASS,PASS,PASS,PASS,PASS,PASS,PASS,GPT-6.1 Sol independent text reviewer C,腘窝软组织水肿不是Baker囊肿，未提及正确。
1.2.826.0.1.3680043.8.498.10852517092524464338210061305792376636,Contusion,615f7f98b14f309f0fcb9873c27a5ee0ec841a6bdb9f2d59309553360c3cbb83,PRESENT,"[""Bone marrow edema in medial & lateral femoral condyle, lateral tibial plateau, likely bone contusion."",""Bone contusion in medial & lateral femoral condyle, lateral tibial plateau.""]",UNKNOWN,"[""criteria_anatomy_severity_extent_or_timing_insufficient"",""llm_review:Bone contusion is diagnosed, but absence of a fracture line at these lesions is not explicitly documented."",""llm_review:Timing is unspecified."",""timing_or_trauma_review""]",KEEP,PASS,PASS,PASS,PASS,PASS,PASS,PASS,GPT-6.1 Sol independent text reviewer C,结论明确多部位骨挫伤，PRESENT正确；无病灶骨折线否定，最终UNKNOWN符合合同。
1.2.826.0.1.3680043.8.498.10852517092524464338210061305792376636,Fracture,615f7f98b14f309f0fcb9873c27a5ee0ec841a6bdb9f2d59309553360c3cbb83,NOT_MENTIONED,[],UNKNOWN,[],KEEP,PASS,PASS,PASS,PASS,PASS,PASS,PASS,GPT-6.1 Sol independent text reviewer C,没有骨折线或骨折否定，不能从骨挫伤推骨折阴性。
1.2.826.0.1.3680043.8.498.10546313646515875953943156661172963953,ACL,ea1d10f9f37e15e02c4a3a18f92d6021f590b1c3bde13ccfb0a9df9ceb0d33fc,ABSENT,"[""Anterior cruciate ligament (ACL): Normal with both bundles intact.""]",NO,[],KEEP,PASS,PASS,PASS,PASS,PASS,PASS,PASS,GPT-6.1 Sol independent text reviewer C,ACL正常且双束完整，当前正常证据充分，NO正确。
1.2.826.0.1.3680043.8.498.10546313646515875953943156661172963953,MCL,ea1d10f9f37e15e02c4a3a18f92d6021f590b1c3bde13ccfb0a9df9ceb0d33fc,ABSENT,"[""Medial collateral ligament (MCL): Normal.""]",NO,[],KEEP,PASS,PASS,PASS,PASS,PASS,PASS,PASS,GPT-6.1 Sol independent text reviewer C,MCL直接正常，全面否定高级别急性损伤合理。
1.2.826.0.1.3680043.8.498.10546313646515875953943156661172963953,Medial Meniscus,ea1d10f9f37e15e02c4a3a18f92d6021f590b1c3bde13ccfb0a9df9ceb0d33fc,ABSENT,"[""Medial meniscus: Normal in morphology and signal.""]",NO,[],KEEP,PASS,PASS,PASS,PASS,PASS,PASS,PASS,GPT-6.1 Sol independent text reviewer C,内侧半月板形态与信号正常，无撕裂支持NO。
1.2.826.0.1.3680043.8.498.10546313646515875953943156661172963953,Lateral Meniscus,ea1d10f9f37e15e02c4a3a18f92d6021f590b1c3bde13ccfb0a9df9ceb0d33fc,ABSENT,"[""Lateral meniscus: Normal in morphology and signal.""]",NO,[],KEEP,PASS,PASS,PASS,PASS,PASS,PASS,PASS,GPT-6.1 Sol independent text reviewer C,外侧半月板正常，未跨侧别推断，NO可靠。
1.2.826.0.1.3680043.8.498.10546313646515875953943156661172963953,Medial OA,ea1d10f9f37e15e02c4a3a18f92d6021f590b1c3bde13ccfb0a9df9ceb0d33fc,ABSENT,"[""Medial compartment cartilage: No focal cartilage defects."",""Normal exam.""]",NO,[],KEEP,PASS,PASS,PASS,PASS,PASS,PASS,PASS,GPT-6.1 Sol independent text reviewer C,内侧无局灶缺损结合结论Normal exam补充全面正常语境，NO可接受。
1.2.826.0.1.3680043.8.498.10546313646515875953943156661172963953,Lateral OA,ea1d10f9f37e15e02c4a3a18f92d6021f590b1c3bde13ccfb0a9df9ceb0d33fc,ABSENT,"[""Lateral compartment cartilage: No focal cartilage defects."",""Normal exam.""]",NO,[],KEEP,PASS,PASS,PASS,PASS,PASS,PASS,PASS,GPT-6.1 Sol independent text reviewer C,外侧无局灶缺损同时附全检查正常结论，全面absence有合并支持。
1.2.826.0.1.3680043.8.498.10546313646515875953943156661172963953,PF OA,ea1d10f9f37e15e02c4a3a18f92d6021f590b1c3bde13ccfb0a9df9ceb0d33fc,ABSENT,"[""Patellofemoral compartment cartilage: No focal cartilage defects."",""Normal exam.""]",NO,[],KEEP,PASS,PASS,PASS,PASS,PASS,PASS,PASS,GPT-6.1 Sol independent text reviewer C,髌股局灶缺损阴性与Normal exam同时引用，NO不单靠有限否定。
1.2.826.0.1.3680043.8.498.10546313646515875953943156661172963953,Effusion,ea1d10f9f37e15e02c4a3a18f92d6021f590b1c3bde13ccfb0a9df9ceb0d33fc,ABSENT,"[""No joint effusion.""]",NO,[],KEEP,PASS,PASS,PASS,PASS,PASS,PASS,PASS,GPT-6.1 Sol independent text reviewer C,明确无关节积液，量级NONE及NO正确。
1.2.826.0.1.3680043.8.498.10546313646515875953943156661172963953,Synovitis,ea1d10f9f37e15e02c4a3a18f92d6021f590b1c3bde13ccfb0a9df9ceb0d33fc,NOT_MENTIONED,[],UNKNOWN,[],KEEP,PASS,PASS,PASS,PASS,PASS,PASS,PASS,GPT-6.1 Sol independent text reviewer C,全文未单独评价滑膜炎；保守未提及不由无积液推阴性。
1.2.826.0.1.3680043.8.498.10546313646515875953943156661172963953,Baker's,ea1d10f9f37e15e02c4a3a18f92d6021f590b1c3bde13ccfb0a9df9ceb0d33fc,ABSENT,"[""No Baker cyst.""]",NO,[],KEEP,PASS,PASS,PASS,PASS,PASS,PASS,PASS,GPT-6.1 Sol independent text reviewer C,明确无Baker囊肿，典型类别直接阴性正确。
1.2.826.0.1.3680043.8.498.10546313646515875953943156661172963953,Contusion,ea1d10f9f37e15e02c4a3a18f92d6021f590b1c3bde13ccfb0a9df9ceb0d33fc,ABSENT,"[""Bone marrow signal is normal."",""No acute fracture or bone bruise.""]",NO,[],KEEP,PASS,PASS,PASS,PASS,PASS,PASS,PASS,GPT-6.1 Sol independent text reviewer C,骨髓信号正常且无bone bruise，创伤水肿否定证据充分。
1.2.826.0.1.3680043.8.498.10546313646515875953943156661172963953,Fracture,ea1d10f9f37e15e02c4a3a18f92d6021f590b1c3bde13ccfb0a9df9ceb0d33fc,ABSENT,"[""No acute fracture or bone bruise.""]",NO,[],KEEP,PASS,PASS,PASS,PASS,PASS,PASS,PASS,GPT-6.1 Sol independent text reviewer C,明确无急性骨折排除当前急性目标，NO正确。
1.2.826.0.1.3680043.8.498.11232674915186872899189440191805868376,ACL,4ac147787ecd06b84d2bdc0a8fd804c7070239b3161a2e5056747249f977448e,ABSENT,"[""the anterior cruciate ligament is intact.""]",NO,[],KEEP,PASS,PASS,PASS,PASS,PASS,PASS,PASS,GPT-6.1 Sol independent text reviewer C,ACL完整是直接阴性；PCL完全撕裂未误赋给ACL。
1.2.826.0.1.3680043.8.498.11232674915186872899189440191805868376,MCL,4ac147787ecd06b84d2bdc0a8fd804c7070239b3161a2e5056747249f977448e,PRESENT,"[""There is grade I ligamentous sprain of the medial collateral ligament.""]",NO,"[""explicit_subthreshold_or_alternative"",""llm_review:Grade I sprain is subthreshold; injury timing is unspecified."",""timing_or_trauma_review""]",KEEP,PASS,PASS,PASS,PASS,PASS,PASS,PASS,GPT-6.1 Sol independent text reviewer C,MCL为I级扭伤，轻度且亚阈值NO有依据，未补急性。
1.2.826.0.1.3680043.8.498.11232674915186872899189440191805868376,Medial Meniscus,4ac147787ecd06b84d2bdc0a8fd804c7070239b3161a2e5056747249f977448e,ABSENT,"[""In the medial compartment, the meniscus is not torn""]",NO,[],KEEP,PASS,PASS,PASS,PASS,PASS,PASS,PASS,GPT-6.1 Sol independent text reviewer C,内侧间室半月板明确未撕裂，否定范围全面。
1.2.826.0.1.3680043.8.498.11232674915186872899189440191805868376,Lateral Meniscus,4ac147787ecd06b84d2bdc0a8fd804c7070239b3161a2e5056747249f977448e,ABSENT,"[""The lateral compartment, the meniscus is not torn""]",NO,[],KEEP,PASS,PASS,PASS,PASS,PASS,PASS,PASS,GPT-6.1 Sol independent text reviewer C,外侧间室半月板明确未撕裂，独立NO正确。
1.2.826.0.1.3680043.8.498.11232674915186872899189440191805868376,Medial OA,4ac147787ecd06b84d2bdc0a8fd804c7070239b3161a2e5056747249f977448e,ABSENT,"[""In the medial compartment, the meniscus is not torn and there is no focal chondrosis or chondral injury.""]",UNKNOWN,"[""llm_review:The negative is limited to focal chondrosis or chondral injury and does not explicitly exclude diffuse qualifying cartilage loss."",""negative_scope_insufficient""]",KEEP,PASS,PASS,PASS,PASS,PASS,PASS,PASS,GPT-6.1 Sol independent text reviewer C,内侧仅无局灶软骨病或损伤，不排除弥漫损失，UNKNOWN合理。
1.2.826.0.1.3680043.8.498.11232674915186872899189440191805868376,Lateral OA,4ac147787ecd06b84d2bdc0a8fd804c7070239b3161a2e5056747249f977448e,ABSENT,"[""The lateral compartment, the meniscus is not torn and there is no focal chondrosis or chondral injury.""]",UNKNOWN,"[""llm_review:The negative is limited to focal chondrosis or chondral injury and does not explicitly exclude diffuse qualifying cartilage loss."",""negative_scope_insufficient""]",KEEP,PASS,PASS,PASS,PASS,PASS,PASS,PASS,GPT-6.1 Sol independent text reviewer C,外侧局灶软骨否定保留范围不足，absence留空正确。
1.2.826.0.1.3680043.8.498.11232674915186872899189440191805868376,PF OA,4ac147787ecd06b84d2bdc0a8fd804c7070239b3161a2e5056747249f977448e,ABSENT,"[""The patellofemoral joint, the patellar and trochlear cartilage appears congruent without chondral lesion.""]",NO,[],KEEP,PASS,PASS,PASS,PASS,PASS,PASS,PASS,GPT-6.1 Sol independent text reviewer C,髌骨和滑车均无软骨病灶，完整髌股范围支持NO。
1.2.826.0.1.3680043.8.498.11232674915186872899189440191805868376,Effusion,4ac147787ecd06b84d2bdc0a8fd804c7070239b3161a2e5056747249f977448e,PRESENT,"[""Large amount of left knee effusion with synovitis is present.""]",UNKNOWN,"[""criteria_anatomy_severity_extent_or_timing_insufficient"",""llm_review:Large effusion is explicit, but joint distension is not explicitly described.""]",KEEP,PASS,PASS,PASS,PASS,PASS,PASS,PASS,GPT-6.1 Sol independent text reviewer C,大量膝积液明确，SEVERE正确；未显式扩张，保守UNKNOWN符合映射。
1.2.826.0.1.3680043.8.498.11232674915186872899189440191805868376,Synovitis,4ac147787ecd06b84d2bdc0a8fd804c7070239b3161a2e5056747249f977448e,PRESENT,"[""Large amount of left knee effusion with synovitis is present.""]",YES,[],KEEP,PASS,PASS,PASS,PASS,PASS,PASS,PASS,GPT-6.1 Sol independent text reviewer C,原文直接写synovitis，YES独立有证据，非由积液推断。
1.2.826.0.1.3680043.8.498.11232674915186872899189440191805868376,Baker's,4ac147787ecd06b84d2bdc0a8fd804c7070239b3161a2e5056747249f977448e,NOT_MENTIONED,[],UNKNOWN,[],KEEP,PASS,PASS,PASS,PASS,PASS,PASS,PASS,GPT-6.1 Sol independent text reviewer C,未描述Baker囊肿，不能从大量液体补囊肿。
1.2.826.0.1.3680043.8.498.11232674915186872899189440191805868376,Contusion,4ac147787ecd06b84d2bdc0a8fd804c7070239b3161a2e5056747249f977448e,ABSENT,"[""There is no fracture or bone contusion.""]",NO,[],KEEP,PASS,PASS,PASS,PASS,PASS,PASS,PASS,GPT-6.1 Sol independent text reviewer C,明确无bone contusion，全面否定支持NO。
1.2.826.0.1.3680043.8.498.11232674915186872899189440191805868376,Fracture,4ac147787ecd06b84d2bdc0a8fd804c7070239b3161a2e5056747249f977448e,ABSENT,"[""There is no fracture or bone contusion.""]",NO,[],KEEP,PASS,PASS,PASS,PASS,PASS,PASS,PASS,GPT-6.1 Sol independent text reviewer C,明确无骨折无范围限制，NO符合当前目标。
1.2.826.0.1.3680043.8.498.11345369648571407541082013397591193473,ACL,75ca6b52cb76f737c0d09cde0a3820d726927104d904a083c1bf3cfbd9165eab,ABSENT,"[""Intercondylar compartment (anterior and posterior cruciate ligaments):\nNormal.""]",NO,"[""history_or_postoperative_scope_review""]",KEEP,PASS,PASS,PASS,PASS,PASS,PASS,PASS,GPT-6.1 Sol independent text reviewer C,前后交叉韧带所处间室明确正常，ACL阴性正确；posterior误触发历史提示。
1.2.826.0.1.3680043.8.498.11345369648571407541082013397591193473,MCL,75ca6b52cb76f737c0d09cde0a3820d726927104d904a083c1bf3cfbd9165eab,ABSENT,"[""The medial collateral ligament is intact.""]",NO,[],KEEP,PASS,PASS,PASS,PASS,PASS,PASS,PASS,GPT-6.1 Sol independent text reviewer C,MCL完整直接否定撕裂，NO正确。
1.2.826.0.1.3680043.8.498.11345369648571407541082013397591193473,Medial Meniscus,75ca6b52cb76f737c0d09cde0a3820d726927104d904a083c1bf3cfbd9165eab,PRESENT,"[""Multidirectional tear of the body of the medial meniscus with marked maceration of the meniscus and a flipped fragment of meniscus identified within the superior aspect of the medial joint recess."",""This represents an unstable medial meniscal tear.""]",YES,[],KEEP,PASS,PASS,PASS,PASS,PASS,PASS,PASS,GPT-6.1 Sol independent text reviewer C,内侧体部多方向不稳定撕裂、浸渍和翻转碎片明确，YES有直接证据。
1.2.826.0.1.3680043.8.498.11345369648571407541082013397591193473,Lateral Meniscus,75ca6b52cb76f737c0d09cde0a3820d726927104d904a083c1bf3cfbd9165eab,PRESENT,"[""There is a focal small tear or defect involving the free edge of the junction of the body and anterior horn of the lateral meniscus."",""Focal small tear involving the free edge of the lateral meniscus."",""Unstable, undisplaced radial oblique tear involving the body and anterior horn of the lateral meniscus.""]",YES,"[""llm_review:Findings describe a small free-edge tear or defect; the conclusion provides a definite tear diagnosis with additional morphology.""]",KEEP,PASS,PASS,PASS,PASS,PASS,PASS,PASS,GPT-6.1 Sol independent text reviewer C,所见小撕裂或缺损，结论明确外侧放射斜行撕裂，PRESENT和YES合理。
1.2.826.0.1.3680043.8.498.11345369648571407541082013397591193473,Medial OA,75ca6b52cb76f737c0d09cde0a3820d726927104d904a083c1bf3cfbd9165eab,PRESENT,"[""There is mild cartilage thinning and irregularity of the weightbearing surface of the medial femoral condyle.""]",NO,"[""explicit_subthreshold_or_alternative"",""llm_review:Only mild cartilage changes are reported; numerical depth and extent are unspecified.""]",KEEP,PASS,PASS,PASS,PASS,PASS,PASS,PASS,GPT-6.1 Sol independent text reviewer C,内侧负重面轻度变薄及不规则，低级别亚阈值NO正确。
1.2.826.0.1.3680043.8.498.11345369648571407541082013397591193473,Lateral OA,75ca6b52cb76f737c0d09cde0a3820d726927104d904a083c1bf3cfbd9165eab,ABSENT,"[""Lateral compartment (meniscus, collateral ligament complex, cartilage):"",""The articular cartilage appears unremarkable.""]",NO,[],KEEP,PASS,PASS,PASS,PASS,PASS,PASS,PASS,GPT-6.1 Sol independent text reviewer C,外侧标题下软骨unremarkable定位充分，正常NO可靠。
1.2.826.0.1.3680043.8.498.11345369648571407541082013397591193473,PF OA,75ca6b52cb76f737c0d09cde0a3820d726927104d904a083c1bf3cfbd9165eab,PRESENT,"[""Severe chondropathy of the median ridge and medial facet of the patella, with associated subchondral focal bone marrow reactive signal intensity change."",""There is mild thinning of the central trochlear articular cartilage without any bone changes.""]",UNKNOWN,"[""criteria_anatomy_severity_extent_or_timing_insufficient"",""llm_review:Cartilage lesion extent is not quantified."",""llm_review:Severe chondropathy does not establish a specific percentage of cartilage loss."",""negation_scope_review""]",KEEP,PASS,PASS,PASS,PASS,PASS,PASS,PASS,GPT-6.1 Sol independent text reviewer C,髌骨重度软骨病与滑车轻度变薄同时存在，无深度百分比和范围，UNKNOWN正确；无骨改变否定仅指滑车骨。
1.2.826.0.1.3680043.8.498.11345369648571407541082013397591193473,Effusion,75ca6b52cb76f737c0d09cde0a3820d726927104d904a083c1bf3cfbd9165eab,PRESENT,"[""Moderate right knee joint effusion.""]",UNKNOWN,"[""criteria_anatomy_severity_extent_or_timing_insufficient"",""llm_review:Moderate intra-articular effusion is explicit, but joint distension is not described.""]",KEEP,PASS,PASS,PASS,PASS,PASS,PASS,PASS,GPT-6.1 Sol independent text reviewer C,中量右膝积液量级明确，但未写扩张，保留UNKNOWN符合合同。
1.2.826.0.1.3680043.8.498.11345369648571407541082013397591193473,Synovitis,75ca6b52cb76f737c0d09cde0a3820d726927104d904a083c1bf3cfbd9165eab,NOT_MENTIONED,[],UNKNOWN,[],KEEP,PASS,PASS,PASS,PASS,PASS,PASS,PASS,GPT-6.1 Sol independent text reviewer C,未提及滑膜炎，不能由中量积液补阳性。
1.2.826.0.1.3680043.8.498.11345369648571407541082013397591193473,Baker's,75ca6b52cb76f737c0d09cde0a3820d726927104d904a083c1bf3cfbd9165eab,ABSENT,"[""No popliteal cyst.""]",NO,[],KEEP,PASS,PASS,PASS,PASS,PASS,PASS,PASS,GPT-6.1 Sol independent text reviewer C,直接无腘窝囊肿排除Baker，NO正确。
1.2.826.0.1.3680043.8.498.11345369648571407541082013397591193473,Contusion,75ca6b52cb76f737c0d09cde0a3820d726927104d904a083c1bf3cfbd9165eab,NOT_MENTIONED,[],UNKNOWN,"[""llm_review:Patellar subchondral reactive marrow signal is associated with chondropathy; it does not establish traumatic contusion.""]",KEEP,PASS,PASS,PASS,PASS,PASS,PASS,PASS,GPT-6.1 Sol independent text reviewer C,髌骨软骨下反应性信号与软骨病相关，未直接描述创伤骨挫伤，NOT_MENTIONED合理。
1.2.826.0.1.3680043.8.498.11345369648571407541082013397591193473,Fracture,75ca6b52cb76f737c0d09cde0a3820d726927104d904a083c1bf3cfbd9165eab,NOT_MENTIONED,[],UNKNOWN,[],KEEP,PASS,PASS,PASS,PASS,PASS,PASS,PASS,GPT-6.1 Sol independent text reviewer C,报告未评价骨折线或骨折否定，保留未知。
1.2.826.0.1.3680043.8.498.11762352496600661264881556836248251400,ACL,cb2e99937083a45b2761d63b52f2955cf6291f782cccedc80c33470f190d0a4d,ABSENT,"[""Normal ACL, PCL, MCL and LCL.""]",NO,[],KEEP,PASS,PASS,PASS,PASS,PASS,PASS,PASS,GPT-6.1 Sol independent text reviewer C,ACL明确正常，NO有当前全面证据。
1.2.826.0.1.3680043.8.498.11762352496600661264881556836248251400,MCL,cb2e99937083a45b2761d63b52f2955cf6291f782cccedc80c33470f190d0a4d,ABSENT,"[""Normal ACL, PCL, MCL and LCL.""]",NO,[],KEEP,PASS,PASS,PASS,PASS,PASS,PASS,PASS,GPT-6.1 Sol independent text reviewer C,MCL列于正常韧带中，否定与解剖正确。
1.2.826.0.1.3680043.8.498.11762352496600661264881556836248251400,Medial Meniscus,cb2e99937083a45b2761d63b52f2955cf6291f782cccedc80c33470f190d0a4d,ABSENT,"[""Normal medial meniscus."",""No medial meniscal tear.""]",NO,[],KEEP,PASS,PASS,PASS,PASS,PASS,PASS,PASS,GPT-6.1 Sol independent text reviewer C,内侧正常并明确无撕裂，ABSENT及NO正确。
1.2.826.0.1.3680043.8.498.11762352496600661264881556836248251400,Lateral Meniscus,cb2e99937083a45b2761d63b52f2955cf6291f782cccedc80c33470f190d0a4d,PRESENT,"[""A small free edge radial tear of the body of lateral meniscus is noted."",""Small free edge radial tear of the lateral meniscus.""]",YES,[],KEEP,PASS,PASS,PASS,PASS,PASS,PASS,PASS,GPT-6.1 Sol independent text reviewer C,外侧体部自由缘小放射撕裂明确，小不否定半月板竞争阳性。
1.2.826.0.1.3680043.8.498.11762352496600661264881556836248251400,Medial OA,cb2e99937083a45b2761d63b52f2955cf6291f782cccedc80c33470f190d0a4d,PRESENT,"[""There is mild generalized thinning of the tibiofemoral compartment articular cartilage.""]",NO,"[""explicit_subthreshold_or_alternative"",""llm_review:Generalized tibiofemoral thinning is reported without separate medial compartment localization, quantitative depth, or measured extent.""]",MASK,FAIL,PASS,PASS,FAIL,PASS,PASS,FAIL,GPT-6.1 Sol independent text reviewer C,仅泛称胫股软骨广泛轻度变薄，无内侧单独定位；PRESENT和MEDIAL代码过度指定，NO不能据此提供内侧监督，MASK。
1.2.826.0.1.3680043.8.498.11762352496600661264881556836248251400,Lateral OA,cb2e99937083a45b2761d63b52f2955cf6291f782cccedc80c33470f190d0a4d,PRESENT,"[""There is mild generalized thinning of the tibiofemoral compartment articular cartilage.""]",NO,"[""explicit_subthreshold_or_alternative"",""llm_review:Generalized tibiofemoral thinning is reported without separate lateral compartment localization, quantitative depth, or measured extent.""]",MASK,FAIL,PASS,PASS,FAIL,PASS,PASS,FAIL,GPT-6.1 Sol independent text reviewer C,胫股广泛轻度变薄没有外侧定位；填LATERAL代码与确定该侧PRESENT越出证据，类别NO需排除监督。
1.2.826.0.1.3680043.8.498.11762352496600661264881556836248251400,PF OA,cb2e99937083a45b2761d63b52f2955cf6291f782cccedc80c33470f190d0a4d,PRESENT,"[""Focal fraying of the medial patellar facet articular cartilage is noted with mild underlying bony change."",""Normal trochlear articular cartilage."",""Mild tibiofemoral and patellar chondral the as described.""]",NO,"[""explicit_subthreshold_or_alternative"",""llm_review:Cartilage loss depth and lesion dimensions are unspecified; the conclusion contains a textual error.""]",KEEP,PASS,PASS,PASS,PASS,PASS,PASS,PASS,GPT-6.1 Sol independent text reviewer C,髌骨内侧面局灶毛糙且结论明确轻度髌骨软骨病，滑车正常不否定髌骨病，亚阈值NO合理。
1.2.826.0.1.3680043.8.498.11762352496600661264881556836248251400,Effusion,cb2e99937083a45b2761d63b52f2955cf6291f782cccedc80c33470f190d0a4d,ABSENT,"[""No significant knee effusion.""]",NO,"[""llm_review:The negative excludes significant effusion but does not establish complete absence of trace fluid.""]",MASK,PASS,PASS,FAIL,PASS,PASS,PASS,FAIL,GPT-6.1 Sol independent text reviewer C,No significant knee effusion仅为显著程度的限定否定，不足完整排除竞争中大量目标；ABSENT描述及原文定位成立，但class_absence_supported=true和确定NO超出明确范围，按更新审计口径MASK。
1.2.826.0.1.3680043.8.498.11762352496600661264881556836248251400,Synovitis,cb2e99937083a45b2761d63b52f2955cf6291f782cccedc80c33470f190d0a4d,NOT_MENTIONED,[],UNKNOWN,[],KEEP,PASS,PASS,PASS,PASS,PASS,PASS,PASS,GPT-6.1 Sol independent text reviewer C,未提及滑膜炎，无显著积液不能代替滑膜评价。
1.2.826.0.1.3680043.8.498.11762352496600661264881556836248251400,Baker's,cb2e99937083a45b2761d63b52f2955cf6291f782cccedc80c33470f190d0a4d,NOT_MENTIONED,[],UNKNOWN,[],KEEP,PASS,PASS,PASS,PASS,PASS,PASS,PASS,GPT-6.1 Sol independent text reviewer C,没有Baker囊肿描述，未提及保留UNKNOWN正确。
1.2.826.0.1.3680043.8.498.11762352496600661264881556836248251400,Contusion,cb2e99937083a45b2761d63b52f2955cf6291f782cccedc80c33470f190d0a4d,NOT_MENTIONED,[],UNKNOWN,[],KEEP,PASS,PASS,PASS,PASS,PASS,PASS,PASS,GPT-6.1 Sol independent text reviewer C,轻度髌骨下骨改变未写创伤性水肿或骨挫伤，未提及合理。
1.2.826.0.1.3680043.8.498.11762352496600661264881556836248251400,Fracture,cb2e99937083a45b2761d63b52f2955cf6291f782cccedc80c33470f190d0a4d,NOT_MENTIONED,[],UNKNOWN,[],KEEP,PASS,PASS,PASS,PASS,PASS,PASS,PASS,GPT-6.1 Sol independent text reviewer C,未写骨折或骨折否定，未知正确。
1.2.826.0.1.3680043.8.498.12225975251304101975065271521710735735,ACL,95ab715319c484c8d1c869511a77891cccda735a4d888d12211f84b7e80be01d,PRESENT,"[""ACL - acute tear."",""ACL tear.""]",UNKNOWN,"[""criteria_anatomy_severity_extent_or_timing_insufficient"",""llm_review:ACL tear is definite and acute, but partial versus complete and tear grade are unspecified.""]",KEEP,PASS,PASS,PASS,PASS,PASS,PASS,PASS,GPT-6.1 Sol independent text reviewer C,ACL急性撕裂明确，时效CURRENT_ACUTE正确；级别未知不能用pivot-shift补高级别，UNKNOWN合理。
1.2.826.0.1.3680043.8.498.12225975251304101975065271521710735735,MCL,95ab715319c484c8d1c869511a77891cccda735a4d888d12211f84b7e80be01d,ABSENT,"[""MCL normal.""]",NO,[],KEEP,PASS,PASS,PASS,PASS,PASS,PASS,PASS,GPT-6.1 Sol independent text reviewer C,MCL正常支持全面ABSENT和NO，不受ACL急性损伤共现干扰。
1.2.826.0.1.3680043.8.498.12225975251304101975065271521710735735,Medial Meniscus,95ab715319c484c8d1c869511a77891cccda735a4d888d12211f84b7e80be01d,ABSENT,"[""Medial meniscus normal.""]",NO,[],KEEP,PASS,PASS,PASS,PASS,PASS,PASS,PASS,GPT-6.1 Sol independent text reviewer C,内侧半月板正常是直接全面阴性，NO正确。
1.2.826.0.1.3680043.8.498.12225975251304101975065271521710735735,Lateral Meniscus,95ab715319c484c8d1c869511a77891cccda735a4d888d12211f84b7e80be01d,ABSENT,"[""Lateral meniscus normal.""]",NO,[],KEEP,PASS,PASS,PASS,PASS,PASS,PASS,PASS,GPT-6.1 Sol independent text reviewer C,外侧半月板正常独立支持NO。
1.2.826.0.1.3680043.8.498.12225975251304101975065271521710735735,Medial OA,95ab715319c484c8d1c869511a77891cccda735a4d888d12211f84b7e80be01d,ABSENT,"[""Cartilages noraml.""]",NO,"[""llm_review:Global cartilage normality statement applies across knee compartments; compartments are not individually named.""]",KEEP,PASS,PASS,PASS,PASS,PASS,PASS,PASS,GPT-6.1 Sol independent text reviewer C,膝全部软骨正常的全局陈述覆盖内侧，noraml拼写错误未改变含义，NO可接受。
1.2.826.0.1.3680043.8.498.12225975251304101975065271521710735735,Lateral OA,95ab715319c484c8d1c869511a77891cccda735a4d888d12211f84b7e80be01d,ABSENT,"[""Cartilages noraml.""]",NO,"[""llm_review:Global cartilage normality statement applies across knee compartments; compartments are not individually named.""]",KEEP,PASS,PASS,PASS,PASS,PASS,PASS,PASS,GPT-6.1 Sol independent text reviewer C,全局软骨正常覆盖外侧，不是某单一间室正常扩展，NO正确。
1.2.826.0.1.3680043.8.498.12225975251304101975065271521710735735,PF OA,95ab715319c484c8d1c869511a77891cccda735a4d888d12211f84b7e80be01d,ABSENT,"[""Cartilages noraml.""]",NO,"[""llm_review:Global cartilage normality statement applies across knee compartments; compartments are not individually named.""]",KEEP,PASS,PASS,PASS,PASS,PASS,PASS,PASS,GPT-6.1 Sol independent text reviewer C,全局Cartilages正常覆盖髌股，未编造逐间室原文，NO合理。
1.2.826.0.1.3680043.8.498.12225975251304101975065271521710735735,Effusion,95ab715319c484c8d1c869511a77891cccda735a4d888d12211f84b7e80be01d,PRESENT,"[""Moderate effusion.""]",UNKNOWN,"[""criteria_anatomy_severity_extent_or_timing_insufficient"",""llm_review:Moderate effusion is reported, but joint distension is not explicitly described.""]",KEEP,PASS,PASS,PASS,PASS,PASS,PASS,PASS,GPT-6.1 Sol independent text reviewer C,中量积液明确量级，无扩张语句，UNKNOWN合理。
1.2.826.0.1.3680043.8.498.12225975251304101975065271521710735735,Synovitis,95ab715319c484c8d1c869511a77891cccda735a4d888d12211f84b7e80be01d,NOT_MENTIONED,[],UNKNOWN,[],KEEP,PASS,PASS,PASS,PASS,PASS,PASS,PASS,GPT-6.1 Sol independent text reviewer C,未提及滑膜炎，不能由中量积液推出阳性。
1.2.826.0.1.3680043.8.498.12225975251304101975065271521710735735,Baker's,95ab715319c484c8d1c869511a77891cccda735a4d888d12211f84b7e80be01d,ABSENT,"[""No baker's cyst.""]",NO,[],KEEP,PASS,PASS,PASS,PASS,PASS,PASS,PASS,GPT-6.1 Sol independent text reviewer C,直接否定Baker囊肿，ABSENT和NO证据充分。
1.2.826.0.1.3680043.8.498.12225975251304101975065271521710735735,Contusion,95ab715319c484c8d1c869511a77891cccda735a4d888d12211f84b7e80be01d,PRESENT,"[""Constusion of lateral femoral condyl and posterolateral part of tibial plaetau suggestive of pivot-shift injury."",""Contusion of lateral femoral condyl.""]",UNKNOWN,"[""criteria_anatomy_severity_extent_or_timing_insufficient"",""history_or_postoperative_scope_review"",""llm_review:Traumatic contusions are diagnosed, but absence of a fracture line at these lesions and injury timing are not explicitly stated."",""timing_or_trauma_review""]",KEEP,PASS,PASS,PASS,PASS,PASS,PASS,PASS,GPT-6.1 Sol independent text reviewer C,股骨外侧髁及胫骨后外侧挫伤伴pivot-shift明确创伤语境，无骨折线否定和时效，UNKNOWN正确。
1.2.826.0.1.3680043.8.498.12225975251304101975065271521710735735,Fracture,95ab715319c484c8d1c869511a77891cccda735a4d888d12211f84b7e80be01d,NOT_MENTIONED,[],UNKNOWN,[],KEEP,PASS,PASS,PASS,PASS,PASS,PASS,PASS,GPT-6.1 Sol independent text reviewer C,未直接提及骨折，挫伤不能补骨折阴性。
1.2.826.0.1.3680043.8.498.12785792890626338008419452097492192088,ACL,c60f9d18083a8491e56ea36adbe6993b6a8d228a36acefe985cf3699afe0d52c,ABSENT,"[""The anterior cruciate ligament, posterior cruciate ligament, medial collateral ligament and lateral collateral ligament complex are intact and appear unremarkable.""]",NO,"[""history_or_postoperative_scope_review""]",KEEP,PASS,PASS,PASS,PASS,PASS,PASS,PASS,GPT-6.1 Sol independent text reviewer C,ACL与其余韧带完整正常，直接支持NO；posterior历史审计是误报。
1.2.826.0.1.3680043.8.498.12785792890626338008419452097492192088,MCL,c60f9d18083a8491e56ea36adbe6993b6a8d228a36acefe985cf3699afe0d52c,ABSENT,"[""The anterior cruciate ligament, posterior cruciate ligament, medial collateral ligament and lateral collateral ligament complex are intact and appear unremarkable.""]",NO,"[""history_or_postoperative_scope_review""]",KEEP,PASS,PASS,PASS,PASS,PASS,PASS,PASS,GPT-6.1 Sol independent text reviewer C,MCL直接完整且unremarkable，NO正确，未由病史推断。
1.2.826.0.1.3680043.8.498.12785792890626338008419452097492192088,Medial Meniscus,c60f9d18083a8491e56ea36adbe6993b6a8d228a36acefe985cf3699afe0d52c,ABSENT,"[""The medial meniscus is intact.""]",NO,[],KEEP,PASS,PASS,PASS,PASS,PASS,PASS,PASS,GPT-6.1 Sol independent text reviewer C,内侧半月板完整支持无撕裂，NO合理。
1.2.826.0.1.3680043.8.498.12785792890626338008419452097492192088,Lateral Meniscus,c60f9d18083a8491e56ea36adbe6993b6a8d228a36acefe985cf3699afe0d52c,ABSENT,"[""The lateral meniscus is intact.""]",NO,[],KEEP,PASS,PASS,PASS,PASS,PASS,PASS,PASS,GPT-6.1 Sol independent text reviewer C,外侧半月板完整，阴性解剖正确。
1.2.826.0.1.3680043.8.498.12785792890626338008419452097492192088,Medial OA,c60f9d18083a8491e56ea36adbe6993b6a8d228a36acefe985cf3699afe0d52c,ABSENT,"[""The articular cartilage of the medial joint compartment is well-maintained overall.""]",NO,[],KEEP,PASS,PASS,PASS,PASS,PASS,PASS,PASS,GPT-6.1 Sol independent text reviewer C,内侧软骨总体保留，当前全面正常支持竞争NO。
1.2.826.0.1.3680043.8.498.12785792890626338008419452097492192088,Lateral OA,c60f9d18083a8491e56ea36adbe6993b6a8d228a36acefe985cf3699afe0d52c,ABSENT,"[""The articular cartilage of the lateral joint compartment is reasonably well-maintained.""]",NO,[],KEEP,PASS,PASS,PASS,PASS,PASS,PASS,PASS,GPT-6.1 Sol independent text reviewer C,外侧软骨合理保留，未称痕量改变不存在，NO可接受。
1.2.826.0.1.3680043.8.498.12785792890626338008419452097492192088,PF OA,c60f9d18083a8491e56ea36adbe6993b6a8d228a36acefe985cf3699afe0d52c,PRESENT,"[""There is focal fissuring of the articular cartilage of the patella at the apex and particularly involving the medial facet."",""The articular cartilage of the femoral trochlea also demonstrates focal chondral fissuring at the trochlear apex with subcortical interosseous cyst formation also seen to the femoral trochlea."",""There is severe articular chondrosis of the patellofemoral joint associated with early evolving degenerative change in the patellofemoral joint compartment.""]",UNKNOWN,"[""criteria_anatomy_severity_extent_or_timing_insufficient"",""llm_review:Focal fissuring is described without a measured extent establishing approximately 10 mm or greater."",""llm_review:Severe chondrosis is reported, but cartilage thickness loss exceeding 50% is not explicitly established.""]",KEEP,PASS,PASS,PASS,PASS,PASS,PASS,PASS,GPT-6.1 Sol independent text reviewer C,髌骨和滑车局灶裂隙、重度软骨病及早期退变定位明确；缺损失百分比和范围，UNKNOWN合理。
1.2.826.0.1.3680043.8.498.12785792890626338008419452097492192088,Effusion,c60f9d18083a8491e56ea36adbe6993b6a8d228a36acefe985cf3699afe0d52c,ABSENT,"[""There is no evidence of significant Baker's cyst or knee effusion.""]",NO,"[""llm_review:The negative excludes significant effusion; it does not establish absence of trace or mild fluid.""]",MASK,PASS,PASS,FAIL,PASS,PASS,PASS,FAIL,GPT-6.1 Sol independent text reviewer C,无significant Baker囊肿或膝积液为限定否定，不能作全部合格积液的完整排除；ABSENT和证据本身成立，class_absence_supported=true及确定NO依据不充分，MASK。
1.2.826.0.1.3680043.8.498.12785792890626338008419452097492192088,Synovitis,c60f9d18083a8491e56ea36adbe6993b6a8d228a36acefe985cf3699afe0d52c,NOT_MENTIONED,[],UNKNOWN,[],KEEP,PASS,PASS,PASS,PASS,PASS,PASS,PASS,GPT-6.1 Sol independent text reviewer C,全文没有直接滑膜炎或增厚评价，未提及正确。
1.2.826.0.1.3680043.8.498.12785792890626338008419452097492192088,Baker's,c60f9d18083a8491e56ea36adbe6993b6a8d228a36acefe985cf3699afe0d52c,ABSENT,"[""There is no evidence of significant Baker's cyst or knee effusion.""]",NO,"[""llm_review:The negative excludes a significant Baker's cyst; it does not establish absence of a small cyst.""]",MASK,PASS,PASS,FAIL,PASS,PASS,PASS,FAIL,GPT-6.1 Sol independent text reviewer C,无significant Baker囊肿仅否定显著病变，未提供完整程度排除；ABSENT原文定位正确，但class_absence_supported=true和确定NO过度扩大否定范围，MASK。
1.2.826.0.1.3680043.8.498.12785792890626338008419452097492192088,Contusion,c60f9d18083a8491e56ea36adbe6993b6a8d228a36acefe985cf3699afe0d52c,NOT_MENTIONED,[],UNKNOWN,[],MASK,FAIL,FAIL,PASS,FAIL,PASS,PASS,PASS,GPT-6.1 Sol independent text reviewer C,髌骨明确骨内水肿及囊性改变伴髌股退变，实际骨髓病变遗漏为NOT_MENTIONED及空证据，应记录替代性/未定性质病变；伴软骨病不足证明全部水肿纯退变，无明确创伤及病灶骨折线否定，最终UNKNOWN仍合理。描述遗漏MASK，不主张创伤阳性。
1.2.826.0.1.3680043.8.498.12785792890626338008419452097492192088,Fracture,c60f9d18083a8491e56ea36adbe6993b6a8d228a36acefe985cf3699afe0d52c,NOT_MENTIONED,[],UNKNOWN,[],KEEP,PASS,PASS,PASS,PASS,PASS,PASS,PASS,GPT-6.1 Sol independent text reviewer C,未写骨折线或骨折否定，骨内囊肿不能推骨折，未提及正确。
1.2.826.0.1.3680043.8.498.12896740277483734090633132494285615502,ACL,a407115ecdb03c3ac2ca3cd8edea47487b42b866bb1d683252887cfad111cf75,ABSENT,"[""Normal ACL, PCL, MCL and LCL.""]",NO,[],KEEP,PASS,PASS,PASS,PASS,PASS,PASS,PASS,GPT-6.1 Sol independent text reviewer C,ACL列于直接正常韧带清单，全面阴性NO正确。
1.2.826.0.1.3680043.8.498.12896740277483734090633132494285615502,MCL,a407115ecdb03c3ac2ca3cd8edea47487b42b866bb1d683252887cfad111cf75,ABSENT,"[""Normal ACL, PCL, MCL and LCL.""]",NO,[],KEEP,PASS,PASS,PASS,PASS,PASS,PASS,PASS,GPT-6.1 Sol independent text reviewer C,MCL正常支持NO，无急性时效推断。
1.2.826.0.1.3680043.8.498.12896740277483734090633132494285615502,Medial Meniscus,a407115ecdb03c3ac2ca3cd8edea47487b42b866bb1d683252887cfad111cf75,PRESENT,"[""There is incomplete tearing of the posterior root of the medial meniscus."",""Mild extrusion of the medial meniscus from the joint is demonstrated.""]",YES,"[""history_or_postoperative_scope_review"",""llm_review:Tear timing is unspecified.""]",KEEP,PASS,PASS,PASS,PASS,PASS,PASS,PASS,GPT-6.1 Sol independent text reviewer C,内侧后根不完全撕裂和轻挤出明确，不完全仍为确定撕裂，YES正确。
1.2.826.0.1.3680043.8.498.12896740277483734090633132494285615502,Lateral Meniscus,a407115ecdb03c3ac2ca3cd8edea47487b42b866bb1d683252887cfad111cf75,ABSENT,"[""Normal lateral meniscus.""]",NO,[],KEEP,PASS,PASS,PASS,PASS,PASS,PASS,PASS,GPT-6.1 Sol independent text reviewer C,外侧半月板正常独立支持NO。
1.2.826.0.1.3680043.8.498.12896740277483734090633132494285615502,Medial OA,a407115ecdb03c3ac2ca3cd8edea47487b42b866bb1d683252887cfad111cf75,PRESENT,"[""There is mild thinning of the medial compartment articular cartilage with mild osteophyte formation."",""Mild medial compartment and severe patellar articular cartilage degeneration.""]",NO,"[""explicit_subthreshold_or_alternative"",""llm_review:Cartilage lesion extent is not quantified.""]",KEEP,PASS,PASS,PASS,PASS,PASS,PASS,PASS,GPT-6.1 Sol independent text reviewer C,内侧轻度软骨变薄及骨赘直接支持低级别NO。
1.2.826.0.1.3680043.8.498.12896740277483734090633132494285615502,Lateral OA,a407115ecdb03c3ac2ca3cd8edea47487b42b866bb1d683252887cfad111cf75,ABSENT,"[""Normal lateral compartment articular cartilage.""]",NO,[],KEEP,PASS,PASS,PASS,PASS,PASS,PASS,PASS,GPT-6.1 Sol independent text reviewer C,外侧软骨正常是全面竞争阴性，NO正确。
1.2.826.0.1.3680043.8.498.12896740277483734090633132494285615502,PF OA,a407115ecdb03c3ac2ca3cd8edea47487b42b866bb1d683252887cfad111cf75,PRESENT,"[""There is severe thinning and loss of the caudal two-thirds of the patellar articular cartilage."",""The trochlear articular cartilage is relatively preserved."",""Mild medial compartment and severe patellar articular cartilage degeneration.""]",UNKNOWN,"[""criteria_anatomy_severity_extent_or_timing_insufficient"",""llm_review:Caudal two-thirds describes anatomical distribution; extent in millimeters is not reported."",""llm_review:Severe thinning and loss are reported, but percentage thickness loss is not explicit.""]",KEEP,PASS,PASS,PASS,PASS,PASS,PASS,PASS,GPT-6.1 Sol independent text reviewer C,髌骨尾侧三分之二重度变薄和损失明确，滑车相对保留不冲突；未量化厚度百分比和毫米范围，UNKNOWN保守合理。
1.2.826.0.1.3680043.8.498.12896740277483734090633132494285615502,Effusion,a407115ecdb03c3ac2ca3cd8edea47487b42b866bb1d683252887cfad111cf75,PRESENT,"[""There is a mild - moderate knee effusion.""]",UNKNOWN,"[""criteria_anatomy_severity_extent_or_timing_insufficient"",""llm_review:Joint distension and effusion timing are not specified."",""llm_review:Severity spans mild and moderate.""]",KEEP,PASS,PASS,PASS,PASS,PASS,PASS,PASS,GPT-6.1 Sol independent text reviewer C,轻至中量积液范围跨阈值且无扩张，最终UNKNOWN正确。
1.2.826.0.1.3680043.8.498.12896740277483734090633132494285615502,Synovitis,a407115ecdb03c3ac2ca3cd8edea47487b42b866bb1d683252887cfad111cf75,NOT_MENTIONED,[],UNKNOWN,[],KEEP,PASS,PASS,PASS,PASS,PASS,PASS,PASS,GPT-6.1 Sol independent text reviewer C,未描述直接滑膜炎证据，不能从积液推断。
1.2.826.0.1.3680043.8.498.12896740277483734090633132494285615502,Baker's,a407115ecdb03c3ac2ca3cd8edea47487b42b866bb1d683252887cfad111cf75,NOT_MENTIONED,[],UNKNOWN,[],KEEP,PASS,PASS,PASS,PASS,PASS,PASS,PASS,GPT-6.1 Sol independent text reviewer C,没有Baker囊肿所见，未知合理。
1.2.826.0.1.3680043.8.498.12896740277483734090633132494285615502,Contusion,a407115ecdb03c3ac2ca3cd8edea47487b42b866bb1d683252887cfad111cf75,NOT_MENTIONED,[],UNKNOWN,[],KEEP,PASS,PASS,PASS,PASS,PASS,PASS,PASS,GPT-6.1 Sol independent text reviewer C,无骨髓水肿或骨挫伤描述，NOT_MENTIONED正确。
1.2.826.0.1.3680043.8.498.12896740277483734090633132494285615502,Fracture,a407115ecdb03c3ac2ca3cd8edea47487b42b866bb1d683252887cfad111cf75,NOT_MENTIONED,[],UNKNOWN,[],KEEP,PASS,PASS,PASS,PASS,PASS,PASS,PASS,GPT-6.1 Sol independent text reviewer C,没有骨折线和骨折否定，不填NO合理。
1.2.826.0.1.3680043.8.498.13269841239774089690227054060975903636,ACL,64fa2f92251815a2d3cc40db938f92aa1904568c72976f959b7c6d5efb913ee5,PRESENT,"[""The contour of ACL is in a straight line and increase signal intensity inside on F/S T2WI, in favor of grade 1 injury."",""Grade 1 injury of ACL""]",NO,"[""explicit_subthreshold_or_alternative"",""llm_review:Injury timing is unspecified.""]",KEEP,PASS,PASS,PASS,PASS,PASS,PASS,PASS,GPT-6.1 Sol independent text reviewer C,ACL结论明确I级损伤，PRESENT和MILD正确，低级别NO不要求推断急性。
1.2.826.0.1.3680043.8.498.13269841239774089690227054060975903636,MCL,64fa2f92251815a2d3cc40db938f92aa1904568c72976f959b7c6d5efb913ee5,ABSENT,"[""Both medial & lateral collateral ligaments appear to be within normal.""]",NO,[],KEEP,PASS,PASS,PASS,PASS,PASS,PASS,PASS,GPT-6.1 Sol independent text reviewer C,内外侧副韧带均正常包含MCL，全面阴性正确。
1.2.826.0.1.3680043.8.498.13269841239774089690227054060975903636,Medial Meniscus,64fa2f92251815a2d3cc40db938f92aa1904568c72976f959b7c6d5efb913ee5,PRESENT,"[""Linear signal intensity in medial and lateral meniscus, with suspicious of extending into the surface of anterior horn of lateral meniscus, in favor of degeneration of meniscus and R/O  tear of anterior horn of lateral meniscus.""]",NO,"[""explicit_subthreshold_or_alternative"",""llm_review:Medial meniscal degeneration is described without a definite medial tear diagnosis."",""side_or_compartment_scope_review""]",KEEP,PASS,PASS,PASS,PASS,PASS,PASS,PASS,GPT-6.1 Sol independent text reviewer C,内侧线状信号退变存在，无该侧明确撕裂；PRESENT亚阈值NO合理，外侧疑似未跨侧。
1.2.826.0.1.3680043.8.498.13269841239774089690227054060975903636,Lateral Meniscus,64fa2f92251815a2d3cc40db938f92aa1904568c72976f959b7c6d5efb913ee5,UNCERTAIN,"[""Linear signal intensity in medial and lateral meniscus, with suspicious of extending into the surface of anterior horn of lateral meniscus, in favor of degeneration of meniscus and R/O  tear of anterior horn of lateral meniscus."",""Degeneration of meniscus and R/O tear of anterior horn of lateral meniscus.""]",UNKNOWN,"[""llm_review:Possible anterior horn tear is described with suspicious surface extension and R/O wording; no definite tear diagnosis."",""side_or_compartment_scope_review"",""uncertain_report""]",KEEP,PASS,PASS,PASS,PASS,PASS,PASS,PASS,GPT-6.1 Sol independent text reviewer C,外侧前角疑似到表面与R/O撕裂，UNCERTAIN而非确定YES正确。
1.2.826.0.1.3680043.8.498.13269841239774089690227054060975903636,Medial OA,64fa2f92251815a2d3cc40db938f92aa1904568c72976f959b7c6d5efb913ee5,NOT_MENTIONED,[],UNKNOWN,"[""llm_review:Generic knee osteoarthritis is not separately localized to the medial tibiofemoral compartment.""]",KEEP,PASS,PASS,PASS,PASS,PASS,PASS,PASS,GPT-6.1 Sol independent text reviewer C,泛称膝OA未单独定位内侧胫股，不将髌股退变扩展，未提及合理。
1.2.826.0.1.3680043.8.498.13269841239774089690227054060975903636,Lateral OA,64fa2f92251815a2d3cc40db938f92aa1904568c72976f959b7c6d5efb913ee5,NOT_MENTIONED,[],UNKNOWN,"[""llm_review:Lateral patellofemoral disease does not establish lateral tibiofemoral osteoarthritis.""]",KEEP,PASS,PASS,PASS,PASS,PASS,PASS,PASS,GPT-6.1 Sol independent text reviewer C,外侧髌股病不是外侧胫股OA，未提及该间室正确。
1.2.826.0.1.3680043.8.498.13269841239774089690227054060975903636,PF OA,64fa2f92251815a2d3cc40db938f92aa1904568c72976f959b7c6d5efb913ee5,PRESENT,"[""Osteoarthritis of knee joint with spur formation and subchondral bone marrow edema/cysts and irregular thining of intra-articular cartilage, more severe at lateral patellofemoral joint with grade 3-4 chondromalacia and tiny subchondral cysts over femoral trochlea."",""Osteoarthritis of right knee, more severe at lateral patellofemoral joint with grade 4 chondral injury and suspicious of lateral sublucation .""]",UNKNOWN,"[""criteria_anatomy_severity_extent_or_timing_insufficient"",""llm_review:Cartilage lesion extent is not reported."",""llm_review:Chondral grading convention is unspecified, preventing definitive extraction of greater than 50% thickness loss.""]",KEEP,PASS,PASS,PASS,PASS,PASS,PASS,PASS,GPT-6.1 Sol independent text reviewer C,髌股外侧3-4级及结论4级病变直接支持PRESENT；分级惯例与范围不明，UNKNOWN合理。
1.2.826.0.1.3680043.8.498.13269841239774089690227054060975903636,Effusion,64fa2f92251815a2d3cc40db938f92aa1904568c72976f959b7c6d5efb913ee5,PRESENT,"[""Joint effusion and suprapatellar bursitis""]",UNKNOWN,"[""criteria_anatomy_severity_extent_or_timing_insufficient"",""llm_review:Effusion volume and joint distension are unspecified.""]",KEEP,PASS,PASS,PASS,PASS,PASS,PASS,PASS,GPT-6.1 Sol independent text reviewer C,关节积液有直接词句，滑囊炎不替代关节量，未描述量级和扩张，UNKNOWN正确。
1.2.826.0.1.3680043.8.498.13269841239774089690227054060975903636,Synovitis,64fa2f92251815a2d3cc40db938f92aa1904568c72976f959b7c6d5efb913ee5,PRESENT,"[""hypertrophy of the synovium, indicative of synovitis"",""Synovitis of right knee and suprapatellar bursitis and patellar plicae.""]",YES,[],KEEP,PASS,PASS,PASS,PASS,PASS,PASS,PASS,GPT-6.1 Sol independent text reviewer C,滑膜肥厚提示滑膜炎及结论直接诊断支持YES。
1.2.826.0.1.3680043.8.498.13269841239774089690227054060975903636,Baker's,64fa2f92251815a2d3cc40db938f92aa1904568c72976f959b7c6d5efb913ee5,NOT_MENTIONED,[],UNKNOWN,[],KEEP,PASS,PASS,PASS,PASS,PASS,PASS,PASS,GPT-6.1 Sol independent text reviewer C,未提及Baker囊肿，其他囊性骨改变不混入。
1.2.826.0.1.3680043.8.498.13269841239774089690227054060975903636,Contusion,64fa2f92251815a2d3cc40db938f92aa1904568c72976f959b7c6d5efb913ee5,NOT_MENTIONED,[],UNKNOWN,"[""llm_review:Subchondral marrow edema is described in the context of osteoarthritis; no traumatic contusion is reported.""]",MASK,FAIL,FAIL,PASS,FAIL,PASS,PASS,PASS,GPT-6.1 Sol independent text reviewer C,明确软骨下骨髓水肿及囊性改变遗漏为NOT_MENTIONED和空证据，应保留替代/性质未定骨髓病变；OA语境未充分证明全部纯退变，无创伤及无骨折线依据，最终UNKNOWN仍合理，描述遗漏MASK。
1.2.826.0.1.3680043.8.498.13269841239774089690227054060975903636,Fracture,64fa2f92251815a2d3cc40db938f92aa1904568c72976f959b7c6d5efb913ee5,NOT_MENTIONED,[],UNKNOWN,[],KEEP,PASS,PASS,PASS,PASS,PASS,PASS,PASS,GPT-6.1 Sol independent text reviewer C,R/O骨岛是局灶低信号而非骨折，未提及骨折正确。
1.2.826.0.1.3680043.8.498.15024602758408626305833210011882949904,ACL,28e885ee0b68bbbefcbf4a0b22f3249e96194df868397dd3d5bf0199efc4acb4,ABSENT,"[""Anterior cruciate ligament (ACL): Normal with both bundles intact.""]",NO,[],KEEP,PASS,PASS,PASS,PASS,PASS,PASS,PASS,GPT-6.1 Sol independent text reviewer C,ACL双束完整正常，直接全面否定可靠。
1.2.826.0.1.3680043.8.498.15024602758408626305833210011882949904,MCL,28e885ee0b68bbbefcbf4a0b22f3249e96194df868397dd3d5bf0199efc4acb4,ABSENT,"[""Medial collateral ligament (MCL): Normal.""]",NO,[],KEEP,PASS,PASS,PASS,PASS,PASS,PASS,PASS,GPT-6.1 Sol independent text reviewer C,MCL正常，未由其余退变推伤，NO正确。
1.2.826.0.1.3680043.8.498.15024602758408626305833210011882949904,Medial Meniscus,28e885ee0b68bbbefcbf4a0b22f3249e96194df868397dd3d5bf0199efc4acb4,PRESENT,"[""Incomplete radial tear at the medial meniscus posterior root with adjacent reactive marrow edema."",""Incomplete radial tear at the medial meniscus posterior root with mild extrusion of the meniscal body.""]",YES,"[""history_or_postoperative_scope_review"",""llm_review:Tear timing is unspecified.""]",KEEP,PASS,PASS,PASS,PASS,PASS,PASS,PASS,GPT-6.1 Sol independent text reviewer C,内侧后根不完全放射撕裂明确，未将不完全误当疑似，YES正确。
1.2.826.0.1.3680043.8.498.15024602758408626305833210011882949904,Lateral Meniscus,28e885ee0b68bbbefcbf4a0b22f3249e96194df868397dd3d5bf0199efc4acb4,ABSENT,"[""Lateral meniscus: Normal in morphology and signal.""]",NO,[],KEEP,PASS,PASS,PASS,PASS,PASS,PASS,PASS,GPT-6.1 Sol independent text reviewer C,外侧半月板形态与信号正常，NO支持充分。
1.2.826.0.1.3680043.8.498.15024602758408626305833210011882949904,Medial OA,28e885ee0b68bbbefcbf4a0b22f3249e96194df868397dd3d5bf0199efc4acb4,PRESENT,"[""Medial compartment cartilage: High grade partial-thickness cartilage loss along the weightbearing medial femoral condyle and tibial plateau."",""Medial and patellofemoral compartment osteoarthritis, severe in the patellofemoral compartment, as described above.""]",UNKNOWN,"[""criteria_anatomy_severity_extent_or_timing_insufficient"",""llm_review:Cartilage loss extent is not measured; the approximately 10 mm threshold cannot be established.""]",KEEP,PASS,PASS,PASS,PASS,PASS,PASS,PASS,GPT-6.1 Sol independent text reviewer C,内侧高级别部分厚度损失支持高深度事实但无毫米范围，最终UNKNOWN合理。
1.2.826.0.1.3680043.8.498.15024602758408626305833210011882949904,Lateral OA,28e885ee0b68bbbefcbf4a0b22f3249e96194df868397dd3d5bf0199efc4acb4,PRESENT,"[""Tricompartmental marginal osteophytes."",""Lateral compartment cartilage: No focal cartilage defects.""]",UNKNOWN,"[""criteria_anatomy_severity_extent_or_timing_insufficient"",""llm_review:Cartilage loss depth and extent are unspecified."",""llm_review:No focal cartilage defects is a limited negative that does not exclude diffuse cartilage loss."",""llm_review:Tricompartmental osteophytes include the lateral compartment but do not establish qualifying cartilage loss."",""negation_scope_review""]",KEEP,PASS,PASS,PASS,PASS,PASS,PASS,PASS,GPT-6.1 Sol independent text reviewer C,三间室边缘骨赘包括外侧，PRESENT亚阈值相关退变；无局灶缺损不全面排除软骨损失，UNKNOWN正确。
1.2.826.0.1.3680043.8.498.15024602758408626305833210011882949904,PF OA,28e885ee0b68bbbefcbf4a0b22f3249e96194df868397dd3d5bf0199efc4acb4,PRESENT,"[""Full thickness cartilage loss along the lateral patellar facet with subchondral edema."",""Full-thickness cartilage loss along the inferolateral trochlea with subchondral edema/cystic changes."",""Medial and patellofemoral compartment osteoarthritis, severe in the patellofemoral compartment, as described above.""]",UNKNOWN,"[""criteria_anatomy_severity_extent_or_timing_insufficient"",""llm_review:Cartilage loss extent is not measured; the approximately 10 mm threshold cannot be established.""]",KEEP,PASS,PASS,PASS,PASS,PASS,PASS,PASS,GPT-6.1 Sol independent text reviewer C,髌骨外侧面及滑车下外侧全层损失与重度OA明确，缺范围仍UNKNOWN。
1.2.826.0.1.3680043.8.498.15024602758408626305833210011882949904,Effusion,28e885ee0b68bbbefcbf4a0b22f3249e96194df868397dd3d5bf0199efc4acb4,PRESENT,"[""Moderate joint effusion."",""Moderate knee joint effusion and Bakers cyst.""]",UNKNOWN,"[""criteria_anatomy_severity_extent_or_timing_insufficient"",""llm_review:Moderate effusion is explicit, but joint distension is not described.""]",KEEP,PASS,PASS,PASS,PASS,PASS,PASS,PASS,GPT-6.1 Sol independent text reviewer C,中量积液程度明确，无扩张语句，UNKNOWN符合合同。
1.2.826.0.1.3680043.8.498.15024602758408626305833210011882949904,Synovitis,28e885ee0b68bbbefcbf4a0b22f3249e96194df868397dd3d5bf0199efc4acb4,NOT_MENTIONED,[],UNKNOWN,[],KEEP,PASS,PASS,PASS,PASS,PASS,PASS,PASS,GPT-6.1 Sol independent text reviewer C,未写滑膜炎，无积液共现补全，未提及合理。
1.2.826.0.1.3680043.8.498.15024602758408626305833210011882949904,Baker's,28e885ee0b68bbbefcbf4a0b22f3249e96194df868397dd3d5bf0199efc4acb4,PRESENT,"[""Moderate Baker's cyst.""]",YES,[],KEEP,PASS,PASS,PASS,PASS,PASS,PASS,PASS,GPT-6.1 Sol independent text reviewer C,中量Baker明确命名支持典型位置和量级，YES正确。
1.2.826.0.1.3680043.8.498.15024602758408626305833210011882949904,Contusion,28e885ee0b68bbbefcbf4a0b22f3249e96194df868397dd3d5bf0199efc4acb4,ABSENT,"[""No acute fracture or bone bruise.""]",NO,[],KEEP,PASS,PASS,PASS,PASS,PASS,PASS,PASS,GPT-6.1 Sol independent text reviewer C,直接无bone bruise排除创伤挫伤；邻近反应性及软骨下水肿属于其他病变语境，未错误推创伤阳性，ABSENT与NO可接受。
1.2.826.0.1.3680043.8.498.15024602758408626305833210011882949904,Fracture,28e885ee0b68bbbefcbf4a0b22f3249e96194df868397dd3d5bf0199efc4acb4,ABSENT,"[""No acute fracture or bone bruise.""]",NO,[],KEEP,PASS,PASS,PASS,PASS,PASS,PASS,PASS,GPT-6.1 Sol independent text reviewer C,直接无急性骨折支持NO，未由术后瘢痕补骨折病史。
1.2.826.0.1.3680043.8.498.14024129019390041106306062001538710978,ACL,a8ad88703d7a6a88cb8a5ee0749c720770ba3f35ecbdc824a14669aa8a9c106b,UNCERTAIN,"[""Prednji križni ligament je povišenog signala u smislu miksoidne degeneracije, potencijalno sa\narealima parcijalne rupture starijeg datuma.""]",UNKNOWN,"[""llm_review:Definite myxoid degeneration with only a possible old partial tear; tear grade is unspecified."",""uncertain_report""]",KEEP,PASS,PASS,PASS,PASS,PASS,PASS,PASS,GPT-6.1 Sol independent text reviewer C,ACL黏液样退变并可能陈旧部分撕裂，UNCERTAIN和CURRENT_CHRONIC有原文支持，级别未知。
1.2.826.0.1.3680043.8.498.14024129019390041106306062001538710978,MCL,a8ad88703d7a6a88cb8a5ee0749c720770ba3f35ecbdc824a14669aa8a9c106b,ABSENT,"[""Medijalni kolateralni ligamenti normalnog signala. Oba se prate u\nkontinuitetu.""]",NO,[],KEEP,PASS,PASS,PASS,PASS,PASS,PASS,PASS,GPT-6.1 Sol independent text reviewer C,MCL信号正常且连续，未把外侧可能牵拉赋给内侧，NO正确。
1.2.826.0.1.3680043.8.498.14024129019390041106306062001538710978,Medial Meniscus,a8ad88703d7a6a88cb8a5ee0749c720770ba3f35ecbdc824a14669aa8a9c106b,PRESENT,"[""Medijalni menisk je izrazito promjenjenog i povišenog intenziteta signala korpusa i stražnjeg roga,\nsa ekstruzijom pod MCL za 5 mm - degenerativna ruptura.""]",YES,[],KEEP,PASS,PASS,PASS,PASS,PASS,PASS,PASS,GPT-6.1 Sol independent text reviewer C,内侧体部及后角明确退变性破裂与5毫米挤出，确定撕裂YES正确。
1.2.826.0.1.3680043.8.498.14024129019390041106306062001538710978,Lateral Meniscus,a8ad88703d7a6a88cb8a5ee0749c720770ba3f35ecbdc824a14669aa8a9c106b,PRESENT,"[""Lateralni menisk povišenog signala u smislu degeneracije.""]",NO,"[""explicit_subthreshold_or_alternative"",""llm_review:Only degenerative signal is described; no definite tear diagnosis.""]",KEEP,PASS,PASS,PASS,PASS,PASS,PASS,PASS,GPT-6.1 Sol independent text reviewer C,外侧仅退变性高信号，异常描述PRESENT与内部变性NO正确。
1.2.826.0.1.3680043.8.498.14024129019390041106306062001538710978,Medial OA,a8ad88703d7a6a88cb8a5ee0749c720770ba3f35ecbdc824a14669aa8a9c106b,PRESENT,"[""Gotovo potpuna denudacija zglobnih ploha medijalnog kompartmenta FT zgloba."",""Promjene odgovaraju uznapredovaloj OA sa hondromalacijskim promjenama 4. stupnja.""]",UNKNOWN,"[""criteria_anatomy_severity_extent_or_timing_insufficient"",""llm_review:Near-complete denudation supports high-grade depth, but cartilage lesion extent is not measured.""]",KEEP,PASS,PASS,PASS,PASS,PASS,PASS,PASS,GPT-6.1 Sol independent text reviewer C,内侧关节面近全剥脱及晚期4级OA支持深度，范围未量化，UNKNOWN合理。
1.2.826.0.1.3680043.8.498.14024129019390041106306062001538710978,Lateral OA,a8ad88703d7a6a88cb8a5ee0749c720770ba3f35ecbdc824a14669aa8a9c106b,PRESENT,"[""Stanjenje\nhrskavica lateralnog kompartmenta uz hondromalaciju 2. stupnja.""]",UNKNOWN,"[""criteria_anatomy_severity_extent_or_timing_insufficient"",""llm_review:Cartilage thinning and grade 2 chondromalacia are reported without a stated grading convention, percentage thickness loss, or lesion extent.""]",KEEP,PASS,PASS,PASS,PASS,PASS,PASS,PASS,GPT-6.1 Sol independent text reviewer C,外侧软骨变薄2级但分级惯例未注明，保守UNKNOWN不补厚度比例。
1.2.826.0.1.3680043.8.498.14024129019390041106306062001538710978,PF OA,a8ad88703d7a6a88cb8a5ee0749c720770ba3f35ecbdc824a14669aa8a9c106b,PRESENT,"[""Povišen intenzitet signala\npatelarne hrskavice uz fisure te manji edem patele u smislu hondromalacije 4. stupnja.""]",UNKNOWN,"[""criteria_anatomy_severity_extent_or_timing_insufficient"",""llm_review:Grade 4 chondromalacia is reported, but the grading convention and cartilage lesion extent are unspecified.""]",KEEP,PASS,PASS,PASS,PASS,PASS,PASS,PASS,GPT-6.1 Sol independent text reviewer C,髌骨裂隙和小骨水肿提示4级软骨病，深度惯例与范围不清，UNKNOWN合理。
1.2.826.0.1.3680043.8.498.14024129019390041106306062001538710978,Effusion,a8ad88703d7a6a88cb8a5ee0749c720770ba3f35ecbdc824a14669aa8a9c106b,PRESENT,"[""Umjereni izljev suprapatelarno.""]",UNKNOWN,"[""criteria_anatomy_severity_extent_or_timing_insufficient"",""llm_review:Moderate effusion is explicit; joint distension is not explicitly described.""]",KEEP,PASS,PASS,PASS,PASS,PASS,PASS,PASS,GPT-6.1 Sol independent text reviewer C,髌上中量积液明确，量级MODERATE正确；没有扩张，UNKNOWN合理。
1.2.826.0.1.3680043.8.498.14024129019390041106306062001538710978,Synovitis,a8ad88703d7a6a88cb8a5ee0749c720770ba3f35ecbdc824a14669aa8a9c106b,NOT_MENTIONED,[],UNKNOWN,[],KEEP,PASS,PASS,PASS,PASS,PASS,PASS,PASS,GPT-6.1 Sol independent text reviewer C,Hoffa脂肪水肿非滑膜炎直接证据，未提及合理。
1.2.826.0.1.3680043.8.498.14024129019390041106306062001538710978,Baker's,a8ad88703d7a6a88cb8a5ee0749c720770ba3f35ecbdc824a14669aa8a9c106b,PRESENT,"[""Bisagasta septirana poplitealna cista dimenzija oko 2x1.5 cm.""]",UNKNOWN,"[""anatomy_missing_or_wrong"",""criteria_anatomy_severity_extent_or_timing_insufficient"",""llm_review:Popliteal cyst is described, but typical posteromedial location and moderate/large size classification are not established.""]",MASK,PASS,PASS,PASS,PASS,PASS,PASS,PASS,GPT-6.1 Sol independent text reviewer C,分隔腘窝囊肿2x1.5厘米无典型后内侧或中大量分类，UNKNOWN解剖为合法保守排除，critical合同要求MASK。
1.2.826.0.1.3680043.8.498.14024129019390041106306062001538710978,Contusion,a8ad88703d7a6a88cb8a5ee0749c720770ba3f35ecbdc824a14669aa8a9c106b,PRESENT,"[""Suženje zglobnog prostora FT zgloba, izraženije u medijalnom dijelu, uz šire zone koštanog\nedema medijalnih zglobnih ploha femura i tibije koji se uvlači i u rubne koštane apozicije.\nSubhondralno je vidljiva i sitna cistična pregradanja kosti."",""Promjene odgovaraju uznapredovaloj OA sa hondromalacijskim promjenama 4. stupnja."",""Povišen intenzitet signala\npatelarne hrskavice uz fisure te manji edem patele u smislu hondromalacije 4. stupnja.""]",NO,"[""explicit_subthreshold_or_alternative"",""llm_review:Reported bone edema is associated with OA/chondromalacia; no traumatic contusion is diagnosed."",""timing_or_trauma_review""]",KEEP,PASS,PASS,PASS,PASS,PASS,PASS,PASS,GPT-6.1 Sol independent text reviewer C,内侧骨水肿伴改变明确被概括为晚期OA，髌骨水肿明确提示软骨软化；退变替代PRESENT和NO有描述支持，不等于创伤性骨挫伤。
1.2.826.0.1.3680043.8.498.14024129019390041106306062001538710978,Fracture,a8ad88703d7a6a88cb8a5ee0749c720770ba3f35ecbdc824a14669aa8a9c106b,NOT_MENTIONED,[],UNKNOWN,[],KEEP,PASS,PASS,PASS,PASS,PASS,PASS,PASS,GPT-6.1 Sol independent text reviewer C,无骨折评价，骨水肿不能替代骨折证据，未知正确。
1.2.826.0.1.3680043.8.498.23378338408981699466914366379590099738,ACL,781ec995f32488f13f135ce7b809977ad8f233ca61619162efc489c971e8c4a5,ABSENT,"[""The contour of ACL & PCL appear to be within normal, no abnormal signal intensity is noted.""]",NO,[],KEEP,PASS,PASS,PASS,PASS,PASS,PASS,PASS,GPT-6.1 Sol independent text reviewer C,ACL与PCL外形信号正常，直接支持ACL全面NO。
1.2.826.0.1.3680043.8.498.23378338408981699466914366379590099738,MCL,781ec995f32488f13f135ce7b809977ad8f233ca61619162efc489c971e8c4a5,ABSENT,"[""Both medial & lateral collateral ligaments appear to be within normal.""]",NO,[],KEEP,PASS,PASS,PASS,PASS,PASS,PASS,PASS,GPT-6.1 Sol independent text reviewer C,内外侧副韧带均正常，MCL阴性正确。
1.2.826.0.1.3680043.8.498.23378338408981699466914366379590099738,Medial Meniscus,781ec995f32488f13f135ce7b809977ad8f233ca61619162efc489c971e8c4a5,UNCERTAIN,"[""Linear signal intensity in posterior horn of medial meniscus, with suspicious of extending into the surface, R/O tear."",""Degeneration and R/O tear of posterior horn of medial meniscus.""]",UNKNOWN,"[""history_or_postoperative_scope_review"",""llm_review:Degeneration is reported, but degeneration alone cannot be established because a tear remains possible."",""llm_review:Surface extension is suspicious and tear is stated as R/O; no definite tear diagnosis."",""uncertain_report""]",KEEP,PASS,PASS,PASS,PASS,PASS,PASS,PASS,GPT-6.1 Sol independent text reviewer C,内侧后角线状退变疑似达表面并R/O撕裂，UNCERTAIN合理，不补确定阳性。
1.2.826.0.1.3680043.8.498.23378338408981699466914366379590099738,Lateral Meniscus,781ec995f32488f13f135ce7b809977ad8f233ca61619162efc489c971e8c4a5,ABSENT,"[""No strong MR evidence of tear of lateral meniscus.""]",UNKNOWN,"[""llm_review:The qualified negative 'No strong MR evidence' does not unequivocally exclude all meniscal tears."",""negative_scope_insufficient""]",KEEP,PASS,PASS,PASS,PASS,PASS,PASS,PASS,GPT-6.1 Sol independent text reviewer C,外侧仅无强MRI撕裂证据为限定否定，全面absence留空和UNKNOWN正确。
1.2.826.0.1.3680043.8.498.23378338408981699466914366379590099738,Medial OA,781ec995f32488f13f135ce7b809977ad8f233ca61619162efc489c971e8c4a5,NOT_MENTIONED,[],UNKNOWN,"[""llm_review:Generic knee osteoarthritis is reported without localization to the medial tibiofemoral compartment.""]",KEEP,PASS,PASS,PASS,PASS,PASS,PASS,PASS,GPT-6.1 Sol independent text reviewer C,泛称左膝OA未定位内侧胫股，未提及该间室合理。
1.2.826.0.1.3680043.8.498.23378338408981699466914366379590099738,Lateral OA,781ec995f32488f13f135ce7b809977ad8f233ca61619162efc489c971e8c4a5,NOT_MENTIONED,[],UNKNOWN,"[""llm_review:Generic knee osteoarthritis is reported without localization to the lateral tibiofemoral compartment.""]",KEEP,PASS,PASS,PASS,PASS,PASS,PASS,PASS,GPT-6.1 Sol independent text reviewer C,泛称OA不指定外侧胫股，髌股病不能跨间室补标签。
1.2.826.0.1.3680043.8.498.23378338408981699466914366379590099738,PF OA,781ec995f32488f13f135ce7b809977ad8f233ca61619162efc489c971e8c4a5,PRESENT,"[""Tiny subchondral cysts in femoral trochlea"",""Focal wearing articular cartilage of medial patella, reflecting grade 2-3 chondromalacia."",""C/W osteoarthritis of left knee, with grade 3-4 chondromalacia of patellofemoral joint.""]",UNKNOWN,"[""llm_review:Cartilage lesion dimensions are missing; 'Focal' does not establish extent of at least 10 mm."",""llm_review:Findings describe grade 2-3 medial patellar chondromalacia, whereas the impression describes grade 3-4 patellofemoral chondromalacia; the grade discrepancy requires review."",""llm_review:The grading convention is unspecified, so greater than 50% cartilage thickness loss cannot be established."",""unresolved_contradiction""]",MASK,PASS,PASS,PASS,PASS,PASS,PASS,PASS,GPT-6.1 Sol independent text reviewer C,所见髌骨2-3级与结论髌股3-4级有分级不一致，保留两句及复核合理；缺深度惯例和范围，UNKNOWN，critical按合同MASK。
1.2.826.0.1.3680043.8.498.23378338408981699466914366379590099738,Effusion,781ec995f32488f13f135ce7b809977ad8f233ca61619162efc489c971e8c4a5,PRESENT,"[""Joint effusion and suprapatellar bursitis with suprapatellar and medial plicae""]",UNKNOWN,"[""criteria_anatomy_severity_extent_or_timing_insufficient"",""llm_review:Effusion volume and joint distension are not specified."",""llm_review:Suprapatellar bursitis does not independently establish moderate or large intra-articular effusion.""]",KEEP,PASS,PASS,PASS,PASS,PASS,PASS,PASS,GPT-6.1 Sol independent text reviewer C,关节积液明确但无量级扩张，滑囊炎不替代量级，UNKNOWN合理。
1.2.826.0.1.3680043.8.498.23378338408981699466914366379590099738,Synovitis,781ec995f32488f13f135ce7b809977ad8f233ca61619162efc489c971e8c4a5,PRESENT,"[""hypertrophy of the synovium, indicative of synovitis."",""Synovitis of left knee with suprapatellar bursitis and patellar plicae.""]",YES,[],KEEP,PASS,PASS,PASS,PASS,PASS,PASS,PASS,GPT-6.1 Sol independent text reviewer C,滑膜肥厚和明确synovitis结论直接支持YES。
1.2.826.0.1.3680043.8.498.23378338408981699466914366379590099738,Baker's,781ec995f32488f13f135ce7b809977ad8f233ca61619162efc489c971e8c4a5,PRESENT,"[""SMall Baker's cyst"",""Small Baker's cyst with perifocal edema over medial popliteal fossa.""]",NO,"[""explicit_subthreshold_or_alternative"",""llm_review:The cyst is explicitly small and does not meet the moderate or large size criterion.""]",KEEP,PASS,PASS,PASS,PASS,PASS,PASS,PASS,GPT-6.1 Sol independent text reviewer C,小Baker及内侧腘窝周围水肿定位充分，MILD亚阈值NO正确。
1.2.826.0.1.3680043.8.498.23378338408981699466914366379590099738,Contusion,781ec995f32488f13f135ce7b809977ad8f233ca61619162efc489c971e8c4a5,NOT_MENTIONED,[],UNKNOWN,[],KEEP,PASS,PASS,PASS,PASS,PASS,PASS,PASS,GPT-6.1 Sol independent text reviewer C,骨囊性改变没有直接骨髓水肿，囊肿周边及鹅足脂肪水肿是软组织，未提及骨挫伤合理。
1.2.826.0.1.3680043.8.498.23378338408981699466914366379590099738,Fracture,781ec995f32488f13f135ce7b809977ad8f233ca61619162efc489c971e8c4a5,NOT_MENTIONED,[],UNKNOWN,[],KEEP,PASS,PASS,PASS,PASS,PASS,PASS,PASS,GPT-6.1 Sol independent text reviewer C,无骨折线或断裂描述，不以骨囊性改变反推骨折。
1.2.826.0.1.3680043.8.498.27656830051511853680197276412365020780,ACL,291433287f58821bc7c6b77eaa659662f3af3ddfdbe3068829266daa5f53f7c2,ABSENT,"[""Anterior cruciate ligament (ACL): Normal with both bundles intact.""]",NO,[],KEEP,PASS,PASS,PASS,PASS,PASS,PASS,PASS,GPT-6.1 Sol independent text reviewer C,ACL双束正常完整，全面阴性支持NO。
1.2.826.0.1.3680043.8.498.27656830051511853680197276412365020780,MCL,291433287f58821bc7c6b77eaa659662f3af3ddfdbe3068829266daa5f53f7c2,ABSENT,"[""Medial collateral ligament (MCL): Normal.""]",NO,[],KEEP,PASS,PASS,PASS,PASS,PASS,PASS,PASS,GPT-6.1 Sol independent text reviewer C,MCL直接正常，阴性范围充分。
1.2.826.0.1.3680043.8.498.27656830051511853680197276412365020780,Medial Meniscus,291433287f58821bc7c6b77eaa659662f3af3ddfdbe3068829266daa5f53f7c2,ABSENT,"[""Medial meniscus: Normal in morphology and signal."",""No meniscus tear.""]",NO,[],KEEP,PASS,PASS,PASS,PASS,PASS,PASS,PASS,GPT-6.1 Sol independent text reviewer C,内侧半月板正常且结论无撕裂，NO可靠。
1.2.826.0.1.3680043.8.498.27656830051511853680197276412365020780,Lateral Meniscus,291433287f58821bc7c6b77eaa659662f3af3ddfdbe3068829266daa5f53f7c2,ABSENT,"[""Lateral meniscus: Normal in morphology and signal."",""No meniscus tear.""]",NO,[],KEEP,PASS,PASS,PASS,PASS,PASS,PASS,PASS,GPT-6.1 Sol independent text reviewer C,外侧半月板正常与全局无半月板撕裂一致，NO正确。
1.2.826.0.1.3680043.8.498.27656830051511853680197276412365020780,Medial OA,291433287f58821bc7c6b77eaa659662f3af3ddfdbe3068829266daa5f53f7c2,ABSENT,"[""Medial compartment cartilage: No focal cartilage defects.""]",UNKNOWN,"[""llm_review:Negative statement is limited to focal cartilage defects; diffuse cartilage loss is not explicitly excluded. Cartilage depth and extent are unspecified."",""negative_scope_insufficient""]",KEEP,PASS,PASS,PASS,PASS,PASS,PASS,PASS,GPT-6.1 Sol independent text reviewer C,内侧无局灶软骨缺损仅有限否定，留空全面absence并UNKNOWN正确。
1.2.826.0.1.3680043.8.498.27656830051511853680197276412365020780,Lateral OA,291433287f58821bc7c6b77eaa659662f3af3ddfdbe3068829266daa5f53f7c2,ABSENT,"[""Lateral compartment cartilage: No focal cartilage defects.""]",UNKNOWN,"[""llm_review:Negative statement is limited to focal cartilage defects; diffuse cartilage loss is not explicitly excluded. Cartilage depth and extent are unspecified."",""negative_scope_insufficient""]",KEEP,PASS,PASS,PASS,PASS,PASS,PASS,PASS,GPT-6.1 Sol independent text reviewer C,外侧无局灶缺损不排除弥漫损失，UNKNOWN合理。
1.2.826.0.1.3680043.8.498.27656830051511853680197276412365020780,PF OA,291433287f58821bc7c6b77eaa659662f3af3ddfdbe3068829266daa5f53f7c2,ABSENT,"[""Patellofemoral compartment cartilage: No focal cartilage defects.""]",UNKNOWN,"[""llm_review:Negative statement is limited to focal cartilage defects; diffuse cartilage loss is not explicitly excluded. Cartilage depth and extent are unspecified."",""negative_scope_insufficient""]",KEEP,PASS,PASS,PASS,PASS,PASS,PASS,PASS,GPT-6.1 Sol independent text reviewer C,髌股局灶缺损否定不覆盖全部软骨目标，未写全面NO合理。
1.2.826.0.1.3680043.8.498.27656830051511853680197276412365020780,Effusion,291433287f58821bc7c6b77eaa659662f3af3ddfdbe3068829266daa5f53f7c2,ABSENT,"[""No joint effusion.""]",NO,[],KEEP,PASS,PASS,PASS,PASS,PASS,PASS,PASS,GPT-6.1 Sol independent text reviewer C,直接无关节积液，ABSENT和NO支持充分。
1.2.826.0.1.3680043.8.498.27656830051511853680197276412365020780,Synovitis,291433287f58821bc7c6b77eaa659662f3af3ddfdbe3068829266daa5f53f7c2,NOT_MENTIONED,[],UNKNOWN,[],KEEP,PASS,PASS,PASS,PASS,PASS,PASS,PASS,GPT-6.1 Sol independent text reviewer C,没有直接滑膜炎证据，不能从无积液推出滑膜阴性。
1.2.826.0.1.3680043.8.498.27656830051511853680197276412365020780,Baker's,291433287f58821bc7c6b77eaa659662f3af3ddfdbe3068829266daa5f53f7c2,ABSENT,"[""No Baker's cyst.""]",NO,[],KEEP,PASS,PASS,PASS,PASS,PASS,PASS,PASS,GPT-6.1 Sol independent text reviewer C,明确无Baker囊肿，全面阴性NO正确。
1.2.826.0.1.3680043.8.498.27656830051511853680197276412365020780,Contusion,291433287f58821bc7c6b77eaa659662f3af3ddfdbe3068829266daa5f53f7c2,UNCERTAIN,"[""Marrow edema along the peripheral aspect of the medial femoral condyle could represent a very small osseous contusion in the appropriate context."",""Small focus of mild marrow edema along the peripheral aspect of the medial femoral condyle which could represent a healing osseous contusion in the appropriate context.""]",UNKNOWN,"[""llm_review:Contusion is conditional on an appropriate clinical context; traumatic etiology is uncertain. Healing is suggested, but injury timing is unspecified. Absence of a fracture line at this lesion is not explicitly stated."",""uncertain_report""]",KEEP,PASS,PASS,PASS,PASS,PASS,PASS,PASS,GPT-6.1 Sol independent text reviewer C,股骨内髁周边轻度水肿可能为很小或愈合挫伤，条件性语句完整保留；创伤性质和病灶骨折线否定不明，UNKNOWN合理。
1.2.826.0.1.3680043.8.498.27656830051511853680197276412365020780,Fracture,291433287f58821bc7c6b77eaa659662f3af3ddfdbe3068829266daa5f53f7c2,NOT_MENTIONED,[],UNKNOWN,[],KEEP,PASS,PASS,PASS,PASS,PASS,PASS,PASS,GPT-6.1 Sol independent text reviewer C,没有骨折或骨折线评价，疑似挫伤不能填骨折阴性。
