StudyInstanceUID,report_hash,report_group_id,language,language_reliability,language_method,report_chars,length_bin,is_gold,input_status,risk_flags,sample_source
1.2.826.0.1.3680043.8.498.95433650759419050864053270236035947981,504c8a284c129b000e3b244dbbfc532a59f11eaaed0d06a80583983962c01f49,789bf7dc4b3ca84eabcd56c22781b82dd3c99cec4d4249b5f8af7a1405b49d73,UNKNOWN,0.0,lexical_margin_v2_uncalibrated,1654,long,False,OK,"[""uncertainty"",""history_postoperative"",""fluid_threshold"",""cartilage_threshold"",""marrow_fracture"",""negation""]",language_length
1.2.826.0.1.3680043.8.498.17070139245390396445395414066427036835,117a84a6ad3dab626e29c1a352c8dcc4fa83e26a40380a93c4a1d7fc1314264b,bd21820d1841e98a29bcc6e94cb4b8732fc4ea77f664eac0aeef185d07c02c4c,UNKNOWN,0.0,lexical_margin_v2_uncalibrated,805,medium,False,OK,"[""cartilage_threshold"",""negation""]",language_length
1.2.826.0.1.3680043.8.498.52098249444968803324423421624756966294,271b602a2b49b50f4808425219eec45011d72c34cd00cdfb9c46e625bb64de5f,75c4383a8e157b20863d85b24fd7eaa0497df18df03e120a36db2d086aead8a5,UNKNOWN,0.0,lexical_margin_v2_uncalibrated,298,short,False,OK,"[""negation""]",language_length
1.2.826.0.1.3680043.8.498.95638601079527306640829424921455011698,77557f93db2a05a0972f5a49d38137c55f06789a5cd5a27830b7d59a11c98dbd,29026cfbcaf5f81f384d6b33e3ac43486f749d2598c704f9d90c15ee803d418a,bg,0.909,lexical_margin_v2_uncalibrated,1368,long,False,OK,"[""cartilage_threshold""]",language_length
1.2.826.0.1.3680043.8.498.33957165685646407808982253731894148028,aad819103e1b558fba5c6fe68c2ab58cd5903017e3e2ae9dcdf29cc9fc94f43a,81e7222bd2d5063352b760a436578b9b583f363c98e199e46b0fd59b56adbab0,bg,0.917,lexical_margin_v2_uncalibrated,1001,medium,False,OK,"[""cartilage_threshold"",""negation""]",language_length
1.2.826.0.1.3680043.8.498.54792838438079861454532183998999249213,f3d6667c5a40ba3802d16332858a0d9f85bfff8d144513cf98b721d73a3c068e,2155d9ae1c895a55ace9e5a65f1314212d16e3a7b271e56070ef95d2504764a8,bg,1.0,lexical_margin_v2_uncalibrated,410,short,False,OK,"[""cartilage_threshold"",""marrow_fracture"",""negation""]",language_length
1.2.826.0.1.3680043.8.498.12957252711278416684461267069498115130,3af3a1cc168b15113aba7c7ecb26d4f068e0baaf61d6e21e0f7ecaee904c155f,13247cab8226362df9bb9041e6a03c116cb03e53a0db325a0abd3e9ce21f20c9,de,1.0,lexical_margin_v2_uncalibrated,1384,long,False,OK,"[""fluid_threshold"",""cartilage_threshold"",""marrow_fracture"",""negation""]",language_length
1.2.826.0.1.3680043.8.498.75547515925579172661099437338637082554,d23f3518f3b169f5e618998c40d15221077d38fca2f352e1359af0d8b047f618,9c0ec81ec4d15e3456bde2a85f6ed768ced4905e215861009f13bcee4186c9d0,de,1.0,lexical_margin_v2_uncalibrated,997,medium,False,OK,"[""history_postoperative"",""cartilage_threshold""]",language_length
1.2.826.0.1.3680043.8.498.11905397531490569218559534495408776672,25538a9d8ad25d21d8d012249688c4fe30f5c8aa8071859430f6b1390ef1b826,bed1b78c4bf8d41607d887d2a0d86602156b4f9db77ee9d43628b6fe452ee801,de,1.0,lexical_margin_v2_uncalibrated,317,short,False,OK,"[""cartilage_threshold"",""negation""]",language_length
1.2.826.0.1.3680043.8.498.81738571920712657790861120957086010772,efe50f748f8b2ad06d2e3382e40c9503c06503894a517d2d5cc95964ccb5288a,6b64643334684d116901a0e16648dd02a10423e91499ef82a659cad4ee89079b,el,1.0,lexical_margin_v2_uncalibrated,2936,long,False,OK,"[""uncertainty"",""cartilage_threshold"",""marrow_fracture"",""negation""]",language_length
1.2.826.0.1.3680043.8.498.10058298717414171145622092128156266866,25ed1b3348605063d91c719a951c175cdc4db5cdc05a9748c326dba0145eccd0,86529df67cb83ebbd09baecf3fbd375f38bfcce6534c49d209a475dcb238f87b,el,1.0,lexical_margin_v2_uncalibrated,1031,medium,False,OK,"[""cartilage_threshold"",""marrow_fracture"",""negation""]",language_length
1.2.826.0.1.3680043.8.498.89729486637365590877469535082675069395,e20f28906b7900b2366d97cf90a719cc8cdcb6c7dce16ae47393870a474fa6ca,1c193accf348f51f71e11873c7eb567650a119ec9fd794f5e533a163c5eb71d2,el,1.0,lexical_margin_v2_uncalibrated,556,short,False,OK,"[""cartilage_threshold"",""marrow_fracture"",""negation""]",language_length
1.2.826.0.1.3680043.8.498.74215611637606164186239511504256137871,70b6b5937e7e101bbe38c1ccf1c7368964f95bd53eae9d458ea30372bc84efed,81a1e63e5a0f102754fa3a327304ac31181a7ae6bd9381a0626b264a67f3aca2,en,0.75,lexical_margin_v2_uncalibrated,1490,long,False,OK,"[""uncertainty"",""history_postoperative"",""fluid_threshold"",""cartilage_threshold"",""negation""]",language_length
1.2.826.0.1.3680043.8.498.11282706861378379965012380644125662529,9b84079cdb32c3038678a3b76fe0ec88bf4b77fbfe1ce319a56234cd3c725926,ffb2e06eb08bbd77cc5bd2a684b15e2fa4e1bfc3023ce61c1a6ca3c57b6dc749,en,0.6,lexical_margin_v2_uncalibrated,854,medium,False,OK,"[""history_postoperative"",""fluid_threshold"",""cartilage_threshold"",""marrow_fracture"",""negation""]",language_length
1.2.826.0.1.3680043.8.498.38717329577625255474350472405748992219,d1b3da4af876c01624208c18f4a9c4f89717a6abfa6f4576aaae4f1736f1797e,6db87b54bbfc717b7cdfc411cdbe81b7fd481407e503a538bfca6d1c20ec2128,en,0.5,lexical_margin_v2_uncalibrated,217,short,False,OK,"[""negation""]",language_length
1.2.826.0.1.3680043.8.498.28628472249424790112957421215774036156,8297a3a495383056477c656b83d4c2cf2e809a9ffdba81f5dd66527d5049634f,1c60a984a3c5e25e8fe78cf3a4516f32c1dfa6003fe8c2013d87767090a6f681,es,0.231,lexical_margin_v2_uncalibrated,1466,long,False,OK,"[""history_postoperative"",""fluid_threshold"",""cartilage_threshold"",""marrow_fracture"",""negation""]",language_length
1.2.826.0.1.3680043.8.498.57160448024145680660335079050450776852,039523edb35b24eb4f0ee648b01e7f757ec02bdb6cc8f2134e65f6e119467287,b101b8931c1483ecec99e952c16f41cc244a5ce60c5162eaea36fb0035f1e633,es,0.333,lexical_margin_v2_uncalibrated,988,medium,False,OK,"[""uncertainty"",""history_postoperative"",""fluid_threshold"",""cartilage_threshold"",""marrow_fracture"",""negation""]",language_length
1.2.826.0.1.3680043.8.498.41990779875873214154237496750949660480,26c751946f2f839078c6fd72ff22ce9d8341640c7b5fef498d111eb408e5148d,07085504d71c36de0a94eb8907d342c5ab3bf17fc50ec1a394a7325ca2338303,es,0.75,lexical_margin_v2_uncalibrated,258,short,False,OK,"[""cartilage_threshold"",""negation""]",language_length
1.2.826.0.1.3680043.8.498.14061227335828384505403558788548348446,9fd9343722563f757d0cf2e63bd654fecdff4b3d658d169662e9928fa15cf589,53cfb202c0f9eb651205f4a834a59e1e3868da9a2d6bacdc795810eb45335b38,fr,0.5,lexical_margin_v2_uncalibrated,1344,long,False,OK,"[""history_postoperative"",""fluid_threshold"",""cartilage_threshold"",""negation""]",language_length
1.2.826.0.1.3680043.8.498.95653228095828585867177997067051877351,d44a75eab87b38e27609103e91b64ac435c4783b5659a09fd12ae963246a74fe,10ae78867b90d87a7b990d3d800509bd7e515e4f6076048eae3985478a56ac48,fr,0.556,lexical_margin_v2_uncalibrated,1274,medium,False,OK,"[""history_postoperative"",""fluid_threshold"",""cartilage_threshold"",""marrow_fracture"",""negation""]",language_length
1.2.826.0.1.3680043.8.498.54448516923758211534546401490623824012,36dd6b01fe13bde702cd5c9e9d1326d5df3595f43e029daf42c3b512c55333a4,225b627bed9f28104b6d57557fd7b8e86595870a18cab24ab9a0bd401d3eb331,fr,0.167,lexical_margin_v2_uncalibrated,548,short,False,OK,"[""history_postoperative"",""cartilage_threshold"",""negation""]",language_length
1.2.826.0.1.3680043.8.498.72252601583562621620422058467969183753,79a587109f8edb63cb2e464a90c657eab5357aafdc234d42168b9221ba5782cc,bee209acd0d557a874e64a884f32e2174c201d25b8d4b7d028835d17aca43592,hr_sr_bs,1.0,lexical_margin_v2_uncalibrated,1357,long,False,OK,"[""history_postoperative"",""cartilage_threshold"",""negation""]",language_length
1.2.826.0.1.3680043.8.498.12568337973304376222940287737691898395,05636226bf4634775fc77f364ed2b878a59be82aecb68f25bfc801c3f2ea831f,f041b2e3f0e930fc4df5718e0b1555b4ca881889dc282ec3cbdf06921aa6dcd1,hr_sr_bs,1.0,lexical_margin_v2_uncalibrated,802,medium,False,OK,"[""cartilage_threshold"",""negation""]",language_length
1.2.826.0.1.3680043.8.498.88682169866098509464628948503453852928,76adf5b587c5d77000a3c4ecbf0ad619d848028b9657a4371855c8629be16335,25972bd40acf3220d95ed68d78dd61d45edd068e2f58c5f4ac1403927b0f8022,hr_sr_bs,1.0,lexical_margin_v2_uncalibrated,390,short,False,OK,"[""history_postoperative"",""negation""]",language_length
1.2.826.0.1.3680043.8.498.15133818248365103660456294775831248835,fb7cfddf6ddae2b5b738a5c711aff027d288e19b7c34c1dc7c5227662ab176f4,23691bb8c5b1293c75db0c27033fd3628f4e788df5315b5e24f2de5ee03680af,nl,0.909,lexical_margin_v2_uncalibrated,1347,long,False,OK,"[""uncertainty"",""history_postoperative"",""fluid_threshold"",""cartilage_threshold"",""negation""]",language_length
1.2.826.0.1.3680043.8.498.12525752631743097782762806859112218620,a0575c3a509f40a16ed88508d7713c0883caed1d5100a380b229c76ed3d216b0,0c6915503bdf03ee754b4c242288a63ee3f769952369917c4c2d720ff8cf35b5,nl,0.5,lexical_margin_v2_uncalibrated,1222,medium,False,OK,"[""uncertainty"",""history_postoperative"",""fluid_threshold"",""cartilage_threshold"",""marrow_fracture"",""negation""]",language_length
1.2.826.0.1.3680043.8.498.10603952065748622499432940419853732241,2e0fc967fca966dd40866015156c6053967baf754a927f950019b6890ee2f5d1,02d3b229e3947568d28e181d20965b36eb6b00254bb8313ea81847014166ac22,nl,0.667,lexical_margin_v2_uncalibrated,711,short,False,OK,"[""fluid_threshold"",""cartilage_threshold""]",language_length
1.2.826.0.1.3680043.8.498.12331841096593105748526634055968654914,42ced12e453c3835d8e2e376e17a1e46834e102b3043e584f3a0a35a8921e3bc,a9187ec8f09663eb350601f03ffa72e9ba39dc39ab43f706d84bf098cd11b9d7,pt,0.059,lexical_margin_v2_uncalibrated,2307,long,False,OK,"[""uncertainty"",""history_postoperative"",""fluid_threshold"",""cartilage_threshold"",""marrow_fracture"",""negation""]",language_length
1.2.826.0.1.3680043.8.498.39845300426582562781355154625767485381,a72c3373ddf52590d1e809bce9f07f283faa7ac192c5abe26478dfa401359273,fdd6743a0b8fd0a4cb2a59f09af69baf9564c8228024299ae4d9739c4255f405,pt,0.071,lexical_margin_v2_uncalibrated,804,medium,False,OK,"[""marrow_fracture""]",language_length
1.2.826.0.1.3680043.8.498.63726512375511246975989322174096818969,804101f84dcd70e172437c5bbcaada5c8722d1cbb0a3794b0f11ce351f45fe45,6b04bb5864b3f4e0dfbf15d1cab2f6e75995c1c27bdf5c54b576f54523d660ec,pt,0.125,lexical_margin_v2_uncalibrated,505,short,False,OK,"[""history_postoperative"",""cartilage_threshold"",""marrow_fracture"",""negation""]",language_length
1.2.826.0.1.3680043.8.498.10147180484860577398303524379319212586,11cb3bba6623f22527640f68aad4a63e38db100063015bf3b756597f82daee6c,874773f768533d8554620c0629f47a1bca8c0c566b633328def032f754f44d4d,tr,1.0,lexical_margin_v2_uncalibrated,1507,long,False,OK,"[""history_postoperative"",""cartilage_threshold"",""marrow_fracture"",""negation""]",language_length
1.2.826.0.1.3680043.8.498.35017973257585430544005763350601015208,50af1979c0cde5c75a8a51abeec98a78febf890e62f8d7e9907b8c40ae31f131,f0aa1dbd244cfb441fda7cbc19d78e030242f112cd8b9919175cf3752eb66fdd,tr,1.0,lexical_margin_v2_uncalibrated,791,medium,False,OK,"[""history_postoperative"",""cartilage_threshold"",""marrow_fracture""]",language_length
1.2.826.0.1.3680043.8.498.12015406188790105426257083591807220760,a8bc92dcde1c6372904fa714e84413ce68cf6f83635eca077f4061f0fd97a579,64ee6d6b8ea81812eef9e670ed03b3f2d121b53f55a6d04d3ea76326087bd848,tr,1.0,lexical_margin_v2_uncalibrated,684,short,False,OK,"[""cartilage_threshold"",""marrow_fracture"",""negation""]",language_length
1.2.826.0.1.3680043.8.498.11574480940878399452466699512074769686,e4c4ab91517fb9ba26f4a57afad055a4d465081cf789e17777cd59e15a665c97,f9b58508c6fbbf8a5cf33d5f2cae4f0e230d1902cf6d83974b1d04a8bcc1439c,UNKNOWN,0.0,lexical_margin_v2_uncalibrated,1430,long,False,OK,"[""history_postoperative"",""cartilage_threshold"",""negation""]",language_length
1.2.826.0.1.3680043.8.498.49047255106144196602523585429683869547,8850e727b0bf40f36ef002c80a359d00c89e64916ef891cb84e36d4831720f5f,984586321825c86f48019d322a6bb0b876208d7bc9719ba6b4d6cd5daa6b61fe,UNKNOWN,0.0,lexical_margin_v2_uncalibrated,1003,medium,False,OK,"[""cartilage_threshold"",""negation""]",language_length
1.2.826.0.1.3680043.8.498.44875593707781066742286566388388035791,5cdb980992d7a7df7052757f3d84ef660aa5b8857859b98117123efaaf8b712a,4c0bbafc6137334a0ba49c9250c7876ca076446a2ea70238ada0a8604bf6c2ac,UNKNOWN,0.0,lexical_margin_v2_uncalibrated,312,short,False,OK,"[""negation""]",language_length
1.2.826.0.1.3680043.8.498.56762592839620371588520593573846414860,ef399d5e11a09cac39fe713c27614c629e64e5f450803261ba54ebba236391a2,add2cd6dd4637184caddb13735e598fff6e10be1a37b65116e2c6361d5d147fb,bg,0.929,lexical_margin_v2_uncalibrated,1336,long,False,OK,"[""cartilage_threshold"",""marrow_fracture"",""negation""]",language_length
1.2.826.0.1.3680043.8.498.32265622493980668732317541941196894795,5f23df9a99beff1eb3afb863153cd478b002c5eebc4f0fea243e2e0f18392e21,8a59ebf32f42b175b25e81a1ca11a6c69f1293a76e8584c75337572ba673b8c8,bg,0.857,lexical_margin_v2_uncalibrated,1123,medium,False,OK,"[""cartilage_threshold"",""marrow_fracture"",""negation""]",language_length
1.2.826.0.1.3680043.8.498.52010826440192227660457107121818389761,320650a24b78193b8e82c1cd81e53fec5e7bd9942570c55a3cc2563ad41f9923,d1b522c336dea98cdd082f0accb2795dffdded24bcc574ed4c4a39f693e06984,bg,0.8,lexical_margin_v2_uncalibrated,618,short,False,OK,"[""marrow_fracture"",""negation""]",language_length
1.2.826.0.1.3680043.8.498.93555726419626687118723083838655757151,c28c4073b366b31c970d3a44a620979f3e141d1ca24afc9767baead66cce66ef,030babcb43f7e9885774957b86e81e8f9b7de8c7f75674863269f6298f9690a4,de,1.0,lexical_margin_v2_uncalibrated,1349,long,False,OK,"[""history_postoperative"",""fluid_threshold"",""cartilage_threshold"",""marrow_fracture""]",language_length
1.2.826.0.1.3680043.8.498.58381033890285289577066078050126251787,8db168b488a224edd9f4411d38f3f803ab1e6f9436175382f989295aca739af5,fcde89eeeed5476925a24383b63545b30a32027ea470fac482e216c0e2ce7c9f,de,0.875,lexical_margin_v2_uncalibrated,1222,medium,False,OK,"[""history_postoperative"",""fluid_threshold"",""cartilage_threshold"",""negation""]",language_length
1.2.826.0.1.3680043.8.498.59426134288436219215525445839849588348,b04b50fb19e4349da29ab93a1837f079146f059928a863f197820c3533395bef,126e9380d23d8782e9172308552c3f363bd21b44301b09abfe649dfb7a04e3fe,de,1.0,lexical_margin_v2_uncalibrated,693,short,False,OK,"[""fluid_threshold"",""negation""]",language_length
1.2.826.0.1.3680043.8.498.50689256431939553935971505794681061679,3d1d7fb0626b4bf0567969b3f79fe456e96b604a8273732f14fbd9896b10d46b,28ad780e60563294c9dfed8428f2ccdb582a62e5fef237590fd234c5009ded96,el,1.0,lexical_margin_v2_uncalibrated,1303,long,False,OK,"[""uncertainty"",""cartilage_threshold"",""marrow_fracture"",""negation""]",language_length
1.2.826.0.1.3680043.8.498.32593583441236180433075435541777683664,eb8d317d616ee80687f877cdede43b42025c933843cb53ccad9e46af06709416,c3ccbeac82471ae5f2ffced3c6e896622f41fae5fd3f46285c8450166c9642b1,el,1.0,lexical_margin_v2_uncalibrated,1233,medium,False,OK,"[""cartilage_threshold""]",language_length
1.2.826.0.1.3680043.8.498.21584859831565112159503971937497384030,a1482c9453ac29877754a0011e893a73be54aae5e687ea6de57a7c0b368d0e7e,acfd99b00ff63dd6910599a51e6cde1a03fc9100c5618cb84719351d52cba657,el,1.0,lexical_margin_v2_uncalibrated,606,short,False,OK,"[""cartilage_threshold"",""negation""]",language_length
1.2.826.0.1.3680043.8.498.12257484608743859456600273083454447341,d7743f3a099e7486d317c3691e4209eafd4040ffe50592c0db9477f9253a47b6,90217a2863282ce266494e490b8d83876db50f3bf0b17dec699c144132d5424d,en,0.857,lexical_margin_v2_uncalibrated,1478,long,False,OK,"[""uncertainty"",""history_postoperative"",""fluid_threshold"",""cartilage_threshold"",""marrow_fracture"",""negation""]",language_length
1.2.826.0.1.3680043.8.498.49379034023506626029648394840207360925,9b1366a1449422313001f4ba2627497f53a42270defe76388f59fa88751a4c66,ef89de8b73fb9a0108c6a4d66cb37da8e322bb339f7cbbcfd25b79b9fb7a3242,en,0.75,lexical_margin_v2_uncalibrated,972,medium,False,OK,"[""history_postoperative"",""cartilage_threshold""]",language_length
1.2.826.0.1.3680043.8.498.71707317731065645278250956442336515504,a10c293cd49e06aca6d9961803d9c71cb295ddbad86937626875e90697b61d81,bf5f9d7faf058ce3aa76a26cbe11d13bcabc8a13c989eb7a129c2268da27dd3c,en,0.4,lexical_margin_v2_uncalibrated,349,short,False,OK,"[""fluid_threshold"",""marrow_fracture"",""negation""]",language_length
1.2.826.0.1.3680043.8.498.77283634197289382453511269950488893300,0018c12db6872efb7dd51e011324551959d0b5c00117d7da6195765f48e700c1,5e0fc0324d1f37b16e3cd7a9225308656a19cfb090a3546a05e34faf7f83cea0,es,0.273,lexical_margin_v2_uncalibrated,1329,long,False,OK,"[""fluid_threshold"",""cartilage_threshold"",""marrow_fracture"",""negation""]",language_length
1.2.826.0.1.3680043.8.498.18114567737638963627123562895002602285,586ab04319352e2252f4c7953070eb09ca2d49e7015b9ec32f68841401bf9205,cabc305d66a99dd99bb02759e5514974069b06d87fd0e1818a458c7afd65b0cf,es,0.667,lexical_margin_v2_uncalibrated,989,medium,False,OK,"[""history_postoperative"",""cartilage_threshold"",""marrow_fracture"",""negation""]",language_length
1.2.826.0.1.3680043.8.498.46268820642949526111807948525363811264,c4306832c73d35ca4df0bc296ba93c9721f63c33a2c7cad3f3b40ce61ca69748,d0c45cc979537734ee3283e29b856894deb52a7cce525c4c5c245ceed4d1ab15,es,0.6,lexical_margin_v2_uncalibrated,154,short,False,OK,[],language_length
1.2.826.0.1.3680043.8.498.80878057166752747059190481131529937715,246af8ba7e9af3133c26f1f00387c945d43e272e25882ca327ade5d475669090,4574e190e28c0335bd809155545eed5f1ea818953d7a59679ef9213d34ddc3c4,fr,0.25,lexical_margin_v2_uncalibrated,1761,long,False,OK,"[""history_postoperative"",""fluid_threshold"",""cartilage_threshold"",""marrow_fracture"",""negation""]",language_length
1.2.826.0.1.3680043.8.498.56474364950531483257947155855279443851,4f35f5842af8c7c1fd9e8a367c3c0ce7dce4384c38418a5166195215b548dbc0,3a1b44403cb97d9e2ee8c4d54c3c1d578b046cfa1fe79252d73a669b5c8a29c3,fr,0.857,lexical_margin_v2_uncalibrated,767,medium,False,OK,"[""history_postoperative"",""cartilage_threshold"",""negation""]",language_length
1.2.826.0.1.3680043.8.498.25505153402978560400776672230220616863,f0e6c8915cbc6512c8cb352292112a95bb95896f00bd5f1fd79af329e3a6237f,a0e4b7f4859b5b149fe89f299f7510ad182dfd5422dfa50c1505215c5ca7911d,fr,0.5,lexical_margin_v2_uncalibrated,672,short,False,OK,"[""history_postoperative"",""marrow_fracture"",""negation""]",language_length
1.2.826.0.1.3680043.8.498.11440217845998767853986099058965644463,1e86d4b01c6376b7af3e6b10d2156080d496e8026da1da1e18dd48e628bd53f2,f24f1574afc1dfbe3b755df96d89eef927d70a5c2a47994f4b7113393aa86e14,hr_sr_bs,0.2,lexical_margin_v2_uncalibrated,1966,long,False,OK,"[""cartilage_threshold"",""marrow_fracture"",""negation""]",language_length
1.2.826.0.1.3680043.8.498.72191353854496806844040272237700346774,f6d5fa32682b70a9acc4ddf0a147e1c82a68c26c76c054fc2f82bd56459715bd,24236138847817e8cec4546db5cf489943d36198577f1889f0dc2ebab4d7a85d,hr_sr_bs,0.75,lexical_margin_v2_uncalibrated,886,medium,False,OK,"[""cartilage_threshold"",""negation""]",language_length
1.2.826.0.1.3680043.8.498.17107696939614797679012793547913769707,39ec626ccdd8c52cc01fd056193306ae75952291097314da38dd8275b7373bf2,343bf45548cb7de8a309b799214c5ba71e6362b4d039f4aab252977b7d744c86,hr_sr_bs,1.0,lexical_margin_v2_uncalibrated,440,short,False,OK,"[""cartilage_threshold""]",language_length
1.2.826.0.1.3680043.8.498.19124879088354547836118593585646705198,5f3a45d54f2cee7d1d0c583d4f12852990efa707313cc3d34aa7202cd2ea1418,5dc8fff15bd284f24d163733436c8713d68e2473b17b4e59d35feb1c18500961,nl,0.273,lexical_margin_v2_uncalibrated,1517,long,False,OK,"[""history_postoperative"",""cartilage_threshold"",""negation""]",language_length
1.2.826.0.1.3680043.8.498.96483513352751590579274577125356217169,933a7a1cc39149147a6d23e0f5b6c1ee34b0aaa9bbffcd1dc4204d53a3341894,931491828a0eb015d11ff5e3c103f32d938ce3d204a829c2e9d85a39569a5fc6,nl,0.8,lexical_margin_v2_uncalibrated,778,medium,False,OK,"[""history_postoperative"",""cartilage_threshold""]",language_length
1.2.826.0.1.3680043.8.498.13162479706670045075896993021883562680,4113972cb871449b387563daf21956146439c29e2514aa46ad9e9579a0021ac7,ab25d46726688e66d299b384d99a47bb8d69f10e083ae0cdfe262eea0997518b,nl,0.333,lexical_margin_v2_uncalibrated,553,short,False,OK,"[""uncertainty"",""history_postoperative"",""cartilage_threshold"",""negation""]",language_length
1.2.826.0.1.3680043.8.498.88114918358665488269761388157480523350,1388ba25885bee67f8c357ae5c012488a410ef8d74be59506e6efc731ffb378a,0784895806eba26f70fec5de3c768ddc6e8ab56498ba7755a5a2fc8dd0e0044c,pt,0.167,lexical_margin_v2_uncalibrated,2003,long,False,OK,"[""history_postoperative"",""fluid_threshold"",""cartilage_threshold"",""marrow_fracture"",""negation""]",language_length
1.2.826.0.1.3680043.8.498.63884838982826315257233262184190435906,68601ebb6143911cac06fb0fe0f5dbf1b4b6fb905fa7cad76726cf0d20065644,09c86ffcf363d3b181e54897307e137341e7eff726fb6ccb67621e8469014cc9,pt,0.143,lexical_margin_v2_uncalibrated,1257,medium,False,OK,"[""history_postoperative"",""fluid_threshold"",""cartilage_threshold"",""marrow_fracture"",""negation""]",language_length
1.2.826.0.1.3680043.8.498.38528511947818361078957998546327084024,94d245fd021f1a70380da13e031a128ffc710a3ad68a3238176683d9ecfdcd6d,622d0f0d20c8d21b363a37a91cdc4c5babe44ac09fbe115ae2a9ceeb02c99df7,tr,1.0,lexical_margin_v2_uncalibrated,1821,long,False,OK,"[""history_postoperative"",""cartilage_threshold"",""marrow_fracture"",""negation""]",language_length
1.2.826.0.1.3680043.8.498.20301796413163444642416918108994411350,724552fae3118c7a0cc15f9fab2a621190a165c59086126cd1694bd98ef8e589,65975e6c5819c18e9b6d315216b1d258798b4d04245c2719bbdaca908ff27d0e,tr,1.0,lexical_margin_v2_uncalibrated,725,medium,False,OK,"[""history_postoperative"",""cartilage_threshold"",""negation""]",language_length
1.2.826.0.1.3680043.8.498.22803020644232321685575897661362804423,db0521bc8f48910b1e26de5c42aec66eba2f3536c983d09adfcce80f10fb2965,b24873474aca972ceb3832c56eca3343f9aea96102d4c0a2d65695d1aa6b7a36,tr,1.0,lexical_margin_v2_uncalibrated,583,short,False,OK,"[""history_postoperative"",""cartilage_threshold"",""negation""]",language_length
1.2.826.0.1.3680043.8.498.36914870739904705183135763739850515617,19e8b614a256ab28af353f700438180b193e3eb0a8e155d9c8272ddf730449aa,6860f18204c2e615f188ba9565c93efc461fd0d1548ea23bfb06c61c8236f625,UNKNOWN,0.0,lexical_margin_v2_uncalibrated,1307,long,False,OK,"[""history_postoperative"",""fluid_threshold"",""cartilage_threshold"",""marrow_fracture"",""negation""]",language_length
1.2.826.0.1.3680043.8.498.61024356179284390979230045743542661223,47f6a7b54171b6ce2f2d848211aa9c14d33f83fcb34e3a428f7fe51181db6c43,112f81fc4e32e72676282ecde0819a9ca3b512006c6837b4cad3b87576306955,UNKNOWN,0.0,lexical_margin_v2_uncalibrated,1056,medium,False,OK,"[""cartilage_threshold"",""negation""]",language_length
1.2.826.0.1.3680043.8.498.73716752081143767997507440278231972668,e373ce7db0848c580a29356c96653da80b290e16614125fb69361ab38abcf039,cff865c9847f4ea584b59f8099f260a7e7fd83b7d9fd45785aa2982951437057,UNKNOWN,0.0,lexical_margin_v2_uncalibrated,644,short,False,OK,"[""cartilage_threshold"",""negation""]",language_length
1.2.826.0.1.3680043.8.498.11964826300307458382604479841253457304,5013a241c560fefcf72ac210e763c8124cad50d3bd6e4c458fdf13283ee56f45,157c3803a61a7ac7e767240c5ff526359af4ef5243c2245ee06c539d8f1fa500,bg,0.917,lexical_margin_v2_uncalibrated,1440,long,False,OK,"[""cartilage_threshold"",""marrow_fracture""]",language_length
1.2.826.0.1.3680043.8.498.15399233309269178192583032682669258885,fb2752505d04fafb7ea621ea7c1a98cd533d763ba784ec2b8a2807dca39faf7d,7124b66af298b9c2c6a432aeb02fcdf637aa48b57248f09be2fa5255fbe6ef31,bg,0.929,lexical_margin_v2_uncalibrated,1257,medium,False,OK,"[""cartilage_threshold"",""marrow_fracture"",""negation""]",language_length
1.2.826.0.1.3680043.8.498.87241650441242408799533998101943024283,902a1c5cba75386c1caafef8ae4dae5db8fb5bee491e73438ccdc2d9b3c38f56,8b72464b9195631985aa00ad410cf9e2bc67ef7bda5f7338e72e786485532ce1,bg,0.889,lexical_margin_v2_uncalibrated,653,short,False,OK,"[""cartilage_threshold"",""negation""]",language_length
1.2.826.0.1.3680043.8.498.71084400653875583977681616665093993652,6fd4856fa020b3c7c3cef22ce4f426b24fa429c4f31dc64fc7093fc24fc13199,bd1554e178def13599249387c939881a20a220e20d8dd96a9b7a997a3a15865a,de,1.0,lexical_margin_v2_uncalibrated,1527,long,False,OK,"[""history_postoperative"",""fluid_threshold"",""cartilage_threshold"",""marrow_fracture""]",language_length
1.2.826.0.1.3680043.8.498.49942556484410764813681696157580687854,1b94a03cc56e73f3a8d4f47d42b7423437ae903dd07a059a887ebc9c6fa6c273,0bdf1d2fafbf607d0d3141d2238cf2666c972fbfbc51f028b4187b728894eeca,de,1.0,lexical_margin_v2_uncalibrated,1158,medium,False,OK,"[""history_postoperative"",""fluid_threshold"",""cartilage_threshold"",""marrow_fracture""]",language_length
1.2.826.0.1.3680043.8.498.53628897373416863107623485630264501760,19fc4bec3b26730fdc37df67359bcf5d373bede32ecf02ec8c611db3c380524b,d07569c834e000512734ef4446cdcd06b4d934794aed11d718c0ac8e746dd6f7,de,1.0,lexical_margin_v2_uncalibrated,644,short,False,OK,"[""fluid_threshold"",""cartilage_threshold"",""marrow_fracture"",""negation""]",language_length
1.2.826.0.1.3680043.8.498.17427902052389033416295416299697276519,ed3d4f3dcb8edbc2f1c270d5d2f3bce9920b36f0fc958a15a990208a0afd16af,c67b0e44c4250d3c5b3c35c27ed13bd7e990ee1306bce837a13f9b794629a436,el,1.0,lexical_margin_v2_uncalibrated,2268,long,False,OK,"[""cartilage_threshold"",""marrow_fracture"",""negation""]",language_length
1.2.826.0.1.3680043.8.498.89045629523485194086986785222960864883,94d036385ee33a58fbaaab47b74ace90b7fa8845ce4b39fa61b7ed3076b4caa3,a488016b26ce1a0b73dbe4ce3fea4cadc62f635b92e7e3653d95f36ca614e4ef,el,1.0,lexical_margin_v2_uncalibrated,874,medium,False,OK,"[""cartilage_threshold"",""marrow_fracture"",""negation""]",language_length
1.2.826.0.1.3680043.8.498.11909779134152823550896593167929611759,190129b6834424d0cf456bedea657e45471c65a9c61cf66a623a91f75162ed2d,f210b7eaf79de2bd36150c74da08cd7f4f0164800faf7f1865b5fc29d3f7fcf2,el,1.0,lexical_margin_v2_uncalibrated,483,short,False,OK,"[""cartilage_threshold"",""negation""]",language_length
1.2.826.0.1.3680043.8.498.29280448517432444306374036429824425668,0ac0b8a39f236cad4c192c951b897624d5c495a1a1c109ec6dd02309bb331e34,40bdfb0b204372ea168c0629e52997cc1b7f75ec65f1fad87cf3081cf2a70620,en,0.562,lexical_margin_v2_uncalibrated,3103,long,False,OK,"[""uncertainty"",""history_postoperative"",""fluid_threshold"",""cartilage_threshold"",""marrow_fracture""]",language_length
1.2.826.0.1.3680043.8.498.33215387283623093392227819856970670071,082ecc88ce2e698e4d63350a1254dddd39c2dc2f96c78254703830adcdbf42b9,eb89d7c015fc7bb84a8222ecb9f43c12060baace7b616b0c8503b0a0fe24b587,en,0.714,lexical_margin_v2_uncalibrated,921,medium,False,OK,"[""history_postoperative"",""fluid_threshold"",""cartilage_threshold"",""marrow_fracture"",""negation""]",language_length
1.2.826.0.1.3680043.8.498.37210322466522537523056852160944888029,3665d20aa12ae9aa7bc912d6e06a71418a9107bb87f83b16dcba12f7d9cc909c,7df2bf20d8506c7192bad3be1e14a96ec81310c2f86438db12fbd050db3cdce4,en,1.0,lexical_margin_v2_uncalibrated,709,short,False,OK,"[""uncertainty"",""cartilage_threshold"",""marrow_fracture"",""negation""]",language_length
1.2.826.0.1.3680043.8.498.71701484984624141610445774249629295610,287aac7a83ea66103f55b7c3305462f55ad190d024bed0675f5b9d77cc2dfcd5,78b55b0cac7e611eac4d41bb97ad266aa8efe826c44d34f0d8139e7be42ec964,es,0.167,lexical_margin_v2_uncalibrated,1611,long,False,OK,"[""fluid_threshold"",""cartilage_threshold"",""marrow_fracture"",""negation""]",language_length
1.2.826.0.1.3680043.8.498.58739535411760425418941874065260802744,03d0f2e92ce51bc5e433cfcc2fbe3477773ae2f00946dd2f64abec0c21413e8c,f38a8b96a2dda3739bd9c96f94b6bbb33d67ad258f1a1996e5e3ea8c753eb8eb,es,0.286,lexical_margin_v2_uncalibrated,945,medium,False,OK,"[""history_postoperative"",""cartilage_threshold"",""marrow_fracture"",""negation""]",language_length
1.2.826.0.1.3680043.8.498.74471396469132211069109289423495141062,531ec6d845e05ea3aef9309959e31a31c44dee89334eb667130a0ff2df156790,21fb95087a371c3323632ffa7e543d818142dd22d03b15d8ec28a882acfe7cfb,es,0.375,lexical_margin_v2_uncalibrated,188,short,False,OK,"[""cartilage_threshold""]",language_length
1.2.826.0.1.3680043.8.498.18389676218363070462526838642303976332,35e6632ac317f5b2e821f22e18e25a2863a017c5d79a975b08d7d4b6effec94e,3ccdd34195ebeee9bd3d213e5e115551e6d28a2f7669c021d95ee81b25f54f4d,fr,0.545,lexical_margin_v2_uncalibrated,1778,long,False,OK,"[""history_postoperative"",""fluid_threshold"",""cartilage_threshold"",""marrow_fracture"",""negation""]",language_length
1.2.826.0.1.3680043.8.498.53587920256280027683523152568832253423,7bca061ead7f24030bdec5e0e590212dbfa6a1dec3edf3c8623777ee470c1eec,dccb675260163af6a2ecfe7c044426f4975497e1b74b19d32890a6941ac09ff1,fr,0.5,lexical_margin_v2_uncalibrated,1235,medium,False,OK,"[""history_postoperative"",""fluid_threshold"",""cartilage_threshold"",""marrow_fracture"",""negation""]",language_length
1.2.826.0.1.3680043.8.498.10207134048598925821261298801127950516,12c52bf5b530341daf9b99c3ee7e8b80b12d148a91ee14c6c8fc8925cb3f6af1,16317b650591ee80914865d9bdec9f53b161238357a80b9afadfd269dc58d62b,fr,0.167,lexical_margin_v2_uncalibrated,539,short,False,OK,"[""history_postoperative"",""cartilage_threshold"",""negation""]",language_length
1.2.826.0.1.3680043.8.498.11079556243110299049578981210837702995,be06c1283646e6bdbc04220ffcc238fbd7758c9b870cc68c6fb89294eb8f5361,8369edcb663cde01bae0ea9e9f63f70b7aa8edda9e889ca8b9f083ba1d804caa,hr_sr_bs,0.6,lexical_margin_v2_uncalibrated,1341,long,False,OK,"[""cartilage_threshold"",""negation""]",language_length
1.2.826.0.1.3680043.8.498.81981151447274200345866874172324295172,c01d959a488d462017fe92648c18caef5fb16c42ae00f2a8e2fdfb2e86daeb4d,8ef6c1a143470d57ce288a2f61f97e5e6f0e88f6d4775375294c35e2d3d9c98a,hr_sr_bs,0.667,lexical_margin_v2_uncalibrated,1163,medium,False,OK,"[""history_postoperative"",""cartilage_threshold"",""negation""]",language_length
1.2.826.0.1.3680043.8.498.99768154649604643975127490783989114506,f76eef6b405f312bb190ba50fd12eba628b2f43f7be7620a2462163e450bb8c2,b0b828f48146d316fe77d144fa8581788c0c2219bfb734ce0f866579e6ef219f,hr_sr_bs,1.0,lexical_margin_v2_uncalibrated,506,short,False,OK,"[""cartilage_threshold"",""negation""]",language_length
1.2.826.0.1.3680043.8.498.41587640208769641326416798167574152049,0471e070abbfda5b816b2a127594b3b1ca351c2ce58c15b7c172549b61efaea0,8c999da8bfb7b5dbe32901124aefb1007a840f64ae4b4d5b3157cd2607180e58,nl,0.9,lexical_margin_v2_uncalibrated,1459,long,False,OK,"[""history_postoperative"",""fluid_threshold"",""cartilage_threshold"",""marrow_fracture"",""negation""]",language_length
1.2.826.0.1.3680043.8.498.53094450151502907325041400000717725711,ffd21cf7720b411d599687b86317d18a3ce4cb7c7255b297a6d8f77e5b82ce28,1aa4bf956990069e6327b48bd0e2262836f41b8ad428784f6a8fdbdfcbabcfbe,bg,0.923,lexical_margin_v2_uncalibrated,1067,medium,False,OK,"[""cartilage_threshold"",""marrow_fracture"",""negation""]",high_risk
1.2.826.0.1.3680043.8.498.54539703415639765348239790227512479583,22e05e931fb69814baa2b3718cd83129d04e3c28695bc56569b9aedc5b859137,929b89665fdcc5c4fc2de01c922ae53e4304a0c40022735b97a799a50ba82394,es,0.6,lexical_margin_v2_uncalibrated,194,short,False,OK,"[""fluid_threshold"",""cartilage_threshold""]",high_risk
1.2.826.0.1.3680043.8.498.81692996137620934043276253858381812472,fb3ab534349c818ae745dcc511980e9a6754c4c989085edeb14b3acf33b0a71b,46ca85c710d34b317b428b4ad46590dc9a72ea4eeeb2d98ba19a057977e8f3bd,en,0.852,lexical_margin_v2_uncalibrated,2259,long,False,OK,"[""uncertainty"",""history_postoperative"",""cartilage_threshold"",""marrow_fracture"",""negation""]",high_risk
1.2.826.0.1.3680043.8.498.47949251060660360953300340380324578835,bf10916d2142946781cb63624987ee6cff3cec24cb8357bdba51d591f7dc3dec,8731701b4613b0079b9e3d37f4f0308d839f38014b1d3cd390dc7411cee7bae8,tr,1.0,lexical_margin_v2_uncalibrated,915,medium,False,OK,"[""history_postoperative"",""cartilage_threshold"",""marrow_fracture""]",high_risk
1.2.826.0.1.3680043.8.498.25909078145370189195643713208718315003,d5b950bbe2f3e7a06e5729784f0210f7e11c599397614269619f3cc33eaab714,8017a33963e35ceea4d5c7c054bb6618514f34fb62a2f863897b521b105a9bfd,en,0.889,lexical_margin_v2_uncalibrated,1428,long,False,OK,"[""uncertainty"",""fluid_threshold"",""cartilage_threshold"",""marrow_fracture"",""negation""]",high_risk
1.2.826.0.1.3680043.8.498.11498239309891927151456629915927889165,831f069954868964dc2aab96042dc6d940ff8bf3ce13ccfb85c4a3d96121aed0,87a1cc64d07f453e54bbafd7d035b1e3275278432494dc994500140f4dbed905,nl,0.692,lexical_margin_v2_uncalibrated,843,medium,False,OK,"[""uncertainty"",""cartilage_threshold"",""negation""]",high_risk
1.2.826.0.1.3680043.8.498.73891117356545433634964184054304516063,6747fc11458bbb70cb4af0b7625e54579b5845aa9dc2ac7ec759f43a3a2612f1,9637e7bb3aa2f6df28395d4a29f6d46949da379384c50c630248432a54493be4,es,0.5,lexical_margin_v2_uncalibrated,1766,long,False,OK,"[""history_postoperative"",""fluid_threshold"",""cartilage_threshold"",""marrow_fracture"",""negation""]",high_risk
1.2.826.0.1.3680043.8.498.11569601172991867969672947467467392425,1c90d60254eb53fd47f5fd9e9604313b0008a14fdc0d02c6f2ce1c95af826ba8,e1cd5fb931de3c96b0948745d79653f901ac27425870880c955e6a8f8088fca1,en,0.929,lexical_margin_v2_uncalibrated,4224,long,False,OK,"[""history_postoperative"",""fluid_threshold"",""cartilage_threshold"",""marrow_fracture"",""negation""]",high_risk
1.2.826.0.1.3680043.8.498.46884541791777826238103426426267571657,8a5b34ce14b6ba9ca99979dec19116a02ce2279f96ce9048c7fb162adf77532e,8d97686fb6b3cfc5684ef9e1a364ecffc2e0f47af34b021bf4d0dc0611219d3d,tr,1.0,lexical_margin_v2_uncalibrated,667,short,False,OK,"[""history_postoperative"",""cartilage_threshold"",""marrow_fracture""]",high_risk
1.2.826.0.1.3680043.8.498.77823946901144772346251781172043480398,da97e535f5a867e9687c9b65202aecb8a398b312606e4bb23b0859609d39f4f8,e291b88b262ace3b1a4cc6c16a8204efccfa35bcdeeb62f730e43aa1ea94e758,en,0.75,lexical_margin_v2_uncalibrated,1557,long,False,OK,"[""history_postoperative"",""fluid_threshold"",""cartilage_threshold"",""marrow_fracture"",""negation""]",high_risk
1.2.826.0.1.3680043.8.498.25206096958520407302630747466352252249,d00b626e5aa358a14a1f41bad11b7870b008c1371859ceb2db8a1df9097c5452,8ea3952f16e5c964c7d84a7d3ca385c8e987a77cfaf61805b9fd6376bbe0d101,el,1.0,lexical_margin_v2_uncalibrated,720,medium,False,OK,"[""cartilage_threshold"",""negation""]",high_risk
1.2.826.0.1.3680043.8.498.30998941785989496591079894962766360976,f44b457c3bba0d5d1848a5c2f61b69ee577507cab5980f13fca2b3eebc5eec4e,c0f33dc1677c88e61709710a33f456af5923a30893f4556500e95b0e59ffcbc1,tr,1.0,lexical_margin_v2_uncalibrated,413,short,False,OK,"[""uncertainty"",""cartilage_threshold"",""marrow_fracture""]",high_risk
1.2.826.0.1.3680043.8.498.89746004948304570186940283501211828475,1e0afb1d66ebae5c6e7ee8d3268e09e86bf2f96018956f0c280824e05443bc02,eb39f595e7ec66b92f9c9696734163d426a50b46866a662e1a904eb88bad4700,tr,1.0,lexical_margin_v2_uncalibrated,1295,long,False,OK,"[""history_postoperative"",""cartilage_threshold"",""marrow_fracture"",""negation""]",high_risk
1.2.826.0.1.3680043.8.498.10459901081962705567398560859229437818,8eb4a7b364d4565c864d9db4c92fd9cb7314b6e7c527bb2e90af0dfb87a8f40a,51aff3e52ad99c2088fbcda4f8616f8741d54f83f3ed6c6658328106de324ab1,en,0.667,lexical_margin_v2_uncalibrated,1520,long,False,OK,"[""history_postoperative"",""fluid_threshold"",""marrow_fracture"",""negation""]",high_risk
1.2.826.0.1.3680043.8.498.12185615973620890770158935333033805789,8085cd6f10c012951efea38ca936860876215f07e6ac365db3e27e17ab9855f4,e9a643115d0f20286773189b84d8a93519475e8ba4d12dc4ff5b4718298efeaf,en,0.75,lexical_margin_v2_uncalibrated,529,short,False,OK,"[""history_postoperative"",""cartilage_threshold"",""negation""]",high_risk
1.2.826.0.1.3680043.8.498.54833384793167149128371137537527194757,de0a3ec9e2b49248bf64a88758cd2d54b8f4cd83a4126d20e15bc89c6fda8284,4f9244b7feff2f39e77e7210e44e57704a892bc6c29bfef9aefd1b04cd1f2de9,en,0.8,lexical_margin_v2_uncalibrated,1534,long,False,OK,"[""uncertainty"",""history_postoperative"",""fluid_threshold"",""cartilage_threshold"",""marrow_fracture"",""negation""]",high_risk
1.2.826.0.1.3680043.8.498.51054592064718900209123281525185013961,39f381d33c6ce7857b83cb2ba4f25a85f2654ee675b98fef6e5adf7e422746f5,6ba4baa8fb413ea2c0325f2298b5fa153ab3dbd77866a1481e5a638516800f49,el,1.0,lexical_margin_v2_uncalibrated,468,short,False,OK,"[""cartilage_threshold"",""negation""]",high_risk
1.2.826.0.1.3680043.8.498.31080452089421812812019413302222437434,eb81c838f6f5f928b99d71beaff75820891abf78aaf9bbb5a80f1399b539f8de,48329feb78f875dae0b549350831df651699682bd1de2ce5ac671fad9761dbfc,en,0.846,lexical_margin_v2_uncalibrated,2829,long,False,OK,"[""uncertainty"",""history_postoperative"",""fluid_threshold"",""cartilage_threshold"",""marrow_fracture"",""negation""]",high_risk
1.2.826.0.1.3680043.8.498.61981891095235024266625598999854298547,d31f0ec0e82177e5b52776f2b9485068ae6e2766924943b87eefb3d3be964148,38fdcdfcb6655ee3b59955aa1d224dbf72f4a3a937d33d9e77a15e2cb484c306,el,1.0,lexical_margin_v2_uncalibrated,720,medium,False,OK,"[""cartilage_threshold""]",high_risk
1.2.826.0.1.3680043.8.498.76065434429437758192282562351089010088,1dee503dd8755885988bf3e83069afcff502e579eebf45e98dae32ddcdc69f9c,ff590049b88d27f750ed111740b54455d3a796962a11f3830335a56b2b1160c6,en,0.909,lexical_margin_v2_uncalibrated,1693,long,False,OK,"[""uncertainty"",""history_postoperative"",""fluid_threshold"",""cartilage_threshold"",""marrow_fracture"",""negation""]",high_risk
1.2.826.0.1.3680043.8.498.64286017646659573966584053755363026715,3e207b5c7d316bbee08559b0ff27ffe891738854a53796bfef072bf5706bca83,465fd2be08e30943d614da12effcf361e923316fd7d114f094577c80f6197707,en,0.762,lexical_margin_v2_uncalibrated,2162,long,False,OK,"[""uncertainty"",""history_postoperative"",""fluid_threshold"",""cartilage_threshold"",""marrow_fracture"",""negation""]",high_risk
1.2.826.0.1.3680043.8.498.11040296449332764126530525726037541310,884f5518830d1c33d13bbd66d13fa5e4a6105936bfdea087e156c1817a407ddd,451594c2db1e60ce3e770e4f9624e76277177487b75f01d53cd6cb80bcb591a5,de,1.0,lexical_margin_v2_uncalibrated,941,medium,False,OK,"[""fluid_threshold"",""cartilage_threshold"",""marrow_fracture""]",high_risk
1.2.826.0.1.3680043.8.498.34126843286927697018624309801437341727,e6511df45b6db1a65137c32f4d0b9dffcb19408239610071b2fd3482ea456701,071a1b76b8d391a62508c26c8f3c44fc2d533084d571497c3e4be094f27ef821,es,0.375,lexical_margin_v2_uncalibrated,966,medium,False,OK,"[""uncertainty"",""history_postoperative"",""fluid_threshold"",""marrow_fracture"",""negation""]",high_risk
1.2.826.0.1.3680043.8.498.15444316810805746453392291780593934328,190d27ebe033a57e144f87664a1dd880372474e6624e327817b6c73b2135a524,820afef24fd52749d8e493f3c8aa5bd670d23ba3fcfae01242de5ad4a548bb35,en,0.571,lexical_margin_v2_uncalibrated,1210,medium,False,OK,"[""uncertainty"",""history_postoperative"",""cartilage_threshold"",""marrow_fracture"",""negation""]",high_risk
1.2.826.0.1.3680043.8.498.76190704217737835083438638928129775625,d0675ecebcead9f7fc717ca8f99a92925b3b97bd89227981cd20eaecf7b53c38,bab1a38229cdb978ae0fe0425bfd7c90c35c180a2afb966e7b15a31d3f7034cd,en,0.714,lexical_margin_v2_uncalibrated,1260,medium,False,OK,"[""history_postoperative"",""fluid_threshold"",""cartilage_threshold"",""marrow_fracture"",""negation""]",high_risk
1.2.826.0.1.3680043.8.498.78646473961447523033955716877524794707,97ac62719138886f3471435e602dacdf6820001c2847cd4551ca9fdf16da204d,c18c7342098ceb16a1684ae37858fe22c1115d1d69945b59d62cc0770bca480b,en,0.778,lexical_margin_v2_uncalibrated,395,short,False,OK,"[""fluid_threshold"",""marrow_fracture"",""negation""]",high_risk
1.2.826.0.1.3680043.8.498.49855677166670499939366963036804180912,f577561766f3105caf4c1fb8d5e49ed6a8ab5434863d3bf6a488f3abbcd7a0db,6addc7533a320bc676d19a809072c7957e027a4ca728384708c0d4a6cdf3e35b,es,0.167,lexical_margin_v2_uncalibrated,1751,long,False,OK,"[""uncertainty"",""history_postoperative"",""fluid_threshold"",""cartilage_threshold"",""marrow_fracture"",""negation""]",high_risk
1.2.826.0.1.3680043.8.498.45519502487291848581539950159353124045,0cb7ad04839b99d18435514661ec0cabb947ee879fd2f7a0dff75b987749186b,c9179cbf19c67c807459c19b5a2394411c695bcedbe85a54e509d2c451ed4f83,en,0.857,lexical_margin_v2_uncalibrated,974,medium,False,OK,"[""uncertainty"",""fluid_threshold"",""cartilage_threshold"",""marrow_fracture"",""negation""]",high_risk
1.2.826.0.1.3680043.8.498.17618734998753079190687719289815512319,42381e8bd771197242e45424629a8da476bf4328edb399d2bba25104d4171637,b42dfaf16334d1f6efa6d17c72b61da8217310476540d5f5d8a88f9fa50f1726,es,0.357,lexical_margin_v2_uncalibrated,1615,long,False,OK,"[""uncertainty"",""history_postoperative"",""fluid_threshold"",""cartilage_threshold"",""marrow_fracture"",""negation""]",high_risk
1.2.826.0.1.3680043.8.498.63564058504808107209753434989270686941,83e8440193a327ae583437ebd42fb644dbf3806281ea4c8e6a660dea0b254328,7f602ee1e30767951a34557014cd47afaf695d30ccdd0de08a6d7dcd84a346d2,en,0.812,lexical_margin_v2_uncalibrated,2522,long,False,OK,"[""uncertainty"",""fluid_threshold"",""cartilage_threshold"",""marrow_fracture"",""negation""]",high_risk
1.2.826.0.1.3680043.8.498.80612964209397056653334784776523875647,989b3984e9ded6c92d4e4fa50240572791044d593b91a4d98863ec70ffa2223c,8eddddddd52317b6b29b048db0f8cfca4c739f56f1ea5126dc651c07917990d1,hr_sr_bs,0.571,lexical_margin_v2_uncalibrated,1270,medium,False,OK,"[""cartilage_threshold"",""marrow_fracture""]",high_risk
1.2.826.0.1.3680043.8.498.31352187408311685267245948214616940728,d4d8c09352ccd78d693034837035ebcbd188c335bf927933cd0f96c5c8714bad,7e64156383f98953f18a7047388725650d936ce48560ca39a257550151e07983,es,0.5,lexical_margin_v2_uncalibrated,1033,medium,False,OK,"[""history_postoperative"",""fluid_threshold"",""cartilage_threshold"",""negation""]",high_risk
1.2.826.0.1.3680043.8.498.50571692547974449396635351108344029536,ecef135d721d4afab97adf6517535cabcb8857d3310ff4de1da73981cacb58f0,cd38a8f09d10b414c2e303023fbab23f14c8a2f7dc592eff210cfe995fae8720,en,0.9,lexical_margin_v2_uncalibrated,1132,medium,False,OK,"[""uncertainty"",""history_postoperative"",""cartilage_threshold"",""marrow_fracture"",""negation""]",high_risk
1.2.826.0.1.3680043.8.498.34685905030370793639196564723935583035,15ddbe0cf07dda2f6477ea736834b004d1a1adeb1561d7b91158baf30195af93,14bd06c569816e6e19bdcf0e74f2743ee1ad34f0de691c11534bea78ca133c4a,es,0.333,lexical_margin_v2_uncalibrated,2134,long,False,OK,"[""uncertainty"",""history_postoperative"",""fluid_threshold"",""cartilage_threshold"",""marrow_fracture"",""negation""]",high_risk
1.2.826.0.1.3680043.8.498.84047134932018909998648460546980598926,62e6e907ee27c991f900e4e0557ce685295cf5a250c006195a7b65a75bc3d91b,8be1679215d3f777356004297b238cf4d82f23fd23a87a6bad0bc530ed5310bc,en,0.905,lexical_margin_v2_uncalibrated,2197,long,False,OK,"[""history_postoperative"",""fluid_threshold"",""cartilage_threshold"",""marrow_fracture"",""negation""]",high_risk
1.2.826.0.1.3680043.8.498.72237065473467452226073540784070938342,465b1e111d649401af81666266bffccdd25f6ff1d33e4968138e796b7db45dab,2f2b742eccef284b52f55cb326c4439c0443079ad0c18343f9e416e41bc5b06c,en,0.7,lexical_margin_v2_uncalibrated,1508,long,False,OK,"[""uncertainty"",""history_postoperative"",""fluid_threshold"",""cartilage_threshold"",""marrow_fracture"",""negation""]",high_risk
1.2.826.0.1.3680043.8.498.10147717839726734017869499799005084725,feaf0dc659ea1f01a840fb484a5808369937b3078aed1dcb415b27da396d7ca8,0fe41dbfe81ed30dd8b8a23282243f0a133612a6235ef1eb4dea63156b7be5f8,tr,1.0,lexical_margin_v2_uncalibrated,778,medium,False,OK,"[""uncertainty"",""cartilage_threshold"",""marrow_fracture""]",high_risk
1.2.826.0.1.3680043.8.498.28269350392124251309834584420564806882,b2f4795adf40d22a32c2ced2a2ca0322ca150224b138913446525b48258cc2ad,b85373cd1d909007982040dce745577eadcfc23e6ca62f3a1ee1496ba26b2884,es,0.2,lexical_margin_v2_uncalibrated,1719,long,False,OK,"[""uncertainty"",""history_postoperative"",""fluid_threshold"",""cartilage_threshold"",""marrow_fracture"",""negation""]",high_risk
1.2.826.0.1.3680043.8.498.15024602758408626305833210011882949904,28e885ee0b68bbbefcbf4a0b22f3249e96194df868397dd3d5bf0199efc4acb4,6498dac6031636e831f13b80e068997c0a49539ce56cf5d01e524d9405b32f73,en,0.857,lexical_margin_v2_uncalibrated,2694,long,False,OK,"[""history_postoperative"",""fluid_threshold"",""cartilage_threshold"",""marrow_fracture"",""negation""]",high_risk
1.2.826.0.1.3680043.8.498.64109231850522212435708176045583779359,536f726414e8913f8198c2796dd03082638a6579adcc0075e787a7f546e52676,775192b0441d2774b84288f983af95f285313f98097bbff9acf993c18d85e6bf,es,0.6,lexical_margin_v2_uncalibrated,166,short,False,OK,"[""cartilage_threshold"",""marrow_fracture""]",high_risk
1.2.826.0.1.3680043.8.498.36235892729383338522021416304853301198,3a266950a021eb824a79afda3251c244453d22589a8d5adbdd51256938f70148,0cddcbdd2c3e070eb37970647a8c02295a2de38e96bc01f3a40832dd14ceaa7b,nl,0.733,lexical_margin_v2_uncalibrated,803,medium,False,OK,"[""history_postoperative"",""fluid_threshold"",""negation""]",high_risk
1.2.826.0.1.3680043.8.498.29090158364700006304493717187346344597,82b4237c0cbf6eba45902c567ec0f6a48e1e0dbf9d549ed5a4a62c42ff0e4c53,9a671d6e16fe764968c3a4e3e74fde0520297f3f8d61072b6031e40e70d95e48,nl,0.769,lexical_margin_v2_uncalibrated,894,medium,False,OK,"[""uncertainty"",""history_postoperative"",""cartilage_threshold""]",high_risk
1.2.826.0.1.3680043.8.498.44941174190375343987327566550204051010,96e6c6122279b16a655ab2bcbc4be45b6ae30bf7c8771eea780f8884705829a8,8fd6addb6e6b0f3d3526fb9758c0c9dfb7ca5d254bc555d7e065e8dd5ee3a3fc,tr,1.0,lexical_margin_v2_uncalibrated,875,medium,False,OK,"[""cartilage_threshold"",""marrow_fracture"",""negation""]",high_risk
1.2.826.0.1.3680043.8.498.36588608184578739092409073014150374185,984db40c2c44dc5e52c3cd512681a15b880d1e012b8ff785fa4e0c005ad4d3d8,18ab4d35993de01d6110099ee07fa14bd50f19802cabe2dad91adf293f8b77e3,en,0.812,lexical_margin_v2_uncalibrated,2187,long,False,OK,"[""uncertainty"",""history_postoperative"",""fluid_threshold"",""cartilage_threshold"",""marrow_fracture"",""negation""]",high_risk
1.2.826.0.1.3680043.8.498.11345369648571407541082013397591193473,75ca6b52cb76f737c0d09cde0a3820d726927104d904a083c1bf3cfbd9165eab,c1e74ae9b86798804145ab685c50c5c9481cc4acb4de3cdbbf9bf1293dcc935f,en,0.458,lexical_margin_v2_uncalibrated,1951,long,False,OK,"[""history_postoperative"",""fluid_threshold"",""cartilage_threshold"",""marrow_fracture"",""negation""]",high_risk
1.2.826.0.1.3680043.8.498.47666607805434428477774854287399691400,5a580236718328ca7094532922d84d895dcde5a9731ac26627b012ef7425fd90,c5c90ed2e4cbc265ad23c8cf756886e8c713c4908ccf356ca2e9ce1a1c49feac,el,1.0,lexical_margin_v2_uncalibrated,979,medium,False,OK,"[""cartilage_threshold"",""marrow_fracture"",""negation""]",high_risk
1.2.826.0.1.3680043.8.498.77716260980321491689913730053309892120,565a2d61b867feec3b6110ee8d0cfa3f501e150046bbdba83702b29cb2dbac1c,a33a278483a3933aefca905b013c0bf9837194a66b1ae6142f4c794bdc37fe26,tr,1.0,lexical_margin_v2_uncalibrated,606,short,False,OK,"[""cartilage_threshold"",""negation""]",high_risk
1.2.826.0.1.3680043.8.498.10135587809070718435691939321937314104,b4c9a24299709da16ef9205bb296bcaea08528d8e69ee9e8e20cebb11cbe977f,6c24b51f9d0929c32bc6d09126666f39682565bc81e9223b6f84b9be180f56c4,es,0.176,lexical_margin_v2_uncalibrated,2544,long,False,OK,"[""uncertainty"",""history_postoperative"",""fluid_threshold"",""cartilage_threshold"",""marrow_fracture"",""negation""]",high_risk
1.2.826.0.1.3680043.8.498.91106275065657355304239097295699332135,7eb4c2096fea28202d71fc0ec01d44856ba237ca4fc86eeef0852b776886cdf2,e8a70d10de787a83bf5b15a599fd36e990c4c6b499d34af2c5ad09de49abb360,en,0.905,lexical_margin_v2_uncalibrated,1760,long,False,OK,"[""uncertainty"",""history_postoperative"",""cartilage_threshold"",""marrow_fracture"",""negation""]",high_risk
1.2.826.0.1.3680043.8.498.80180578697901833764761405542790185180,15b20f5fe3127fe6758067992376707e76b7e234a73ecc95d04da86e4d8db97a,b7d1beeef7ea224e2e5945f3478e4a2a2fd7deda9f71a5c5101e27da7f925bde,fr,0.273,lexical_margin_v2_uncalibrated,1218,medium,False,OK,"[""history_postoperative"",""fluid_threshold"",""cartilage_threshold"",""negation""]",high_risk
1.2.826.0.1.3680043.8.498.10522585237725235866013737575867341946,bc35ac1474e76bbbbfd3ab2a9662c195f9f516dbc3c50df7f7c79f9a2d5d7ca5,5a5d2e1e00a430d9482c21fa0cd631ff916b8dcec658e3268a30a037e3c141f8,tr,1.0,lexical_margin_v2_uncalibrated,1258,medium,False,OK,"[""history_postoperative"",""cartilage_threshold"",""marrow_fracture"",""negation""]",high_risk
1.2.826.0.1.3680043.8.498.36521162836904095186654423648490092035,3beaa4f888804fc8b3532a2fb709b38024afb10c0bbdcc899987eb11ec9c2b6e,41b61b687c3b2ae20e87d13a76479e7ad2633e34399af0b28da3ec5c8ec19b65,bg,0.923,lexical_margin_v2_uncalibrated,1430,long,False,OK,"[""cartilage_threshold"",""marrow_fracture"",""negation""]",high_risk
1.2.826.0.1.3680043.8.498.64946212153370539647301308676689632525,edbbecadc846b606349a340a2020cafbb19cd6273ea2c239f7755626f4afbf89,bab0219ffded2002776773055319323e23d4f53c6394ca1249c37fd0f69a3b3d,es,0.571,lexical_margin_v2_uncalibrated,1225,medium,False,OK,"[""history_postoperative"",""fluid_threshold"",""cartilage_threshold"",""negation""]",high_risk
1.2.826.0.1.3680043.8.498.86416984885007871128151024515780322767,4767b347b9cf339c45fc6d302b92ab69bdc61790917ed23042007f10fcdf9ced,7d8d19c598e3780da1dbc70d9483e66e92f950996e89a303e43c96c426795698,en,0.5,lexical_margin_v2_uncalibrated,1176,medium,False,OK,"[""uncertainty"",""cartilage_threshold"",""negation""]",high_risk
1.2.826.0.1.3680043.8.498.73037642285055457162691486258363101398,7e8a4328cb675567aa0a175534327ffd8a8a6f46a81bd8c2cb24ea2c28ceeecd,df8aa80a52d3d942eb9dcbb8e0c3a0df389228b60f54387883a2b0e169b0ce16,en,0.5,lexical_margin_v2_uncalibrated,357,short,False,OK,"[""cartilage_threshold"",""marrow_fracture"",""negation""]",high_risk
1.2.826.0.1.3680043.8.498.27656830051511853680197276412365020780,291433287f58821bc7c6b77eaa659662f3af3ddfdbe3068829266daa5f53f7c2,5bf5984b68abf322be1c196b3f27b83042786f422d292520bd504a482e99cd55,en,0.875,lexical_margin_v2_uncalibrated,2288,long,False,OK,"[""history_postoperative"",""fluid_threshold"",""cartilage_threshold"",""marrow_fracture"",""negation""]",high_risk
1.2.826.0.1.3680043.8.498.53080172184945962593713560671746700445,2d97daf5f32e8cf2c36698e4e04412904e61c02f2f2736067f85d47ab1de9222,9bdbdd66899430858c9451b27565ae062afa60998228f4a5e5ae75550ec11b2a,de,1.0,lexical_margin_v2_uncalibrated,800,medium,False,OK,"[""history_postoperative"",""fluid_threshold"",""cartilage_threshold"",""marrow_fracture""]",high_risk
1.2.826.0.1.3680043.8.498.14024129019390041106306062001538710978,a8ad88703d7a6a88cb8a5ee0749c720770ba3f35ecbdc824a14669aa8a9c106b,de4d3bcce994e413dc7ff70cbb7b43afbeed1583d61a8961e6016a6b71582d37,hr_sr_bs,0.625,lexical_margin_v2_uncalibrated,1628,long,False,OK,"[""cartilage_threshold"",""marrow_fracture""]",high_risk
1.2.826.0.1.3680043.8.498.59420153636832938628088507776889305823,7119cb5c2839938b7fd7a69c9b36627108dfffd4de941560a053ca2636b45227,9f89bbb1139cbc1ca8fe79c76592b1d516c72e8646c13adde1dd0e21b3e6d496,en,0.909,lexical_margin_v2_uncalibrated,2120,long,False,OK,"[""history_postoperative"",""fluid_threshold"",""cartilage_threshold"",""marrow_fracture"",""negation""]",high_risk
1.2.826.0.1.3680043.8.498.10100718559177860518999368876392117659,e5bd2180650d1e70cb1a86a479f682f3721b0dfd532df9c779762699acc2b8ca,ccc1cde1638d01835466b416da9460cd2ef1d3c949f67d4577e2675429331b7d,en,0.917,lexical_margin_v2_uncalibrated,2106,long,False,OK,"[""uncertainty"",""history_postoperative"",""fluid_threshold"",""cartilage_threshold"",""marrow_fracture"",""negation""]",high_risk
1.2.826.0.1.3680043.8.498.48521453765449688946535921546652765399,e32d9ebb9af6f193a5b195a49997d8d14a7244ce45b975fc2b420d7b484ca752,d54e005036d9ea71688c9c0853eae3cabe7bb4c20dbab819744a9ecd15d1030e,en,0.571,lexical_margin_v2_uncalibrated,787,medium,False,OK,"[""history_postoperative"",""fluid_threshold"",""cartilage_threshold"",""negation""]",high_risk
1.2.826.0.1.3680043.8.498.70310162525433830894324495692973986063,74e526660651e3909fdaefcaca535080f8b9328c374c6f7e25db11531239a6b5,b9c2176d343c8328c3cb9205e540c6b06382b90c825d67a2165d84caf2de69bb,en,0.824,lexical_margin_v2_uncalibrated,946,medium,False,OK,"[""uncertainty"",""history_postoperative"",""fluid_threshold"",""cartilage_threshold"",""marrow_fracture"",""negation""]",high_risk
1.2.826.0.1.3680043.8.498.31082592133742929889611857821843859701,dfbae3606ee4f9a1c24860ab6522707c6e49e791e8b591083a26341eeb82ded0,ccd4b2d75ded0fd9d257357343c121bd7cb85f1b767aaca2c88a648942c05ed8,es,0.5,lexical_margin_v2_uncalibrated,1143,medium,False,OK,"[""history_postoperative"",""fluid_threshold"",""cartilage_threshold"",""marrow_fracture"",""negation""]",high_risk
1.2.826.0.1.3680043.8.498.10852517092524464338210061305792376636,615f7f98b14f309f0fcb9873c27a5ee0ec841a6bdb9f2d59309553360c3cbb83,c5c92e8d6307c5048c75dcd331f6ce0bdfc151d2dbdcc9abb76c872f30641829,en,0.789,lexical_margin_v2_uncalibrated,1020,medium,False,OK,"[""uncertainty"",""history_postoperative"",""fluid_threshold"",""cartilage_threshold"",""marrow_fracture"",""negation""]",high_risk
1.2.826.0.1.3680043.8.498.10546313646515875953943156661172963953,ea1d10f9f37e15e02c4a3a18f92d6021f590b1c3bde13ccfb0a9df9ceb0d33fc,52feab2460b226e3670f6110c482ccf719c24ce31d2a074642bc29fba3cd8782,en,0.909,lexical_margin_v2_uncalibrated,1844,long,False,OK,"[""history_postoperative"",""cartilage_threshold"",""marrow_fracture"",""negation""]",high_risk
1.2.826.0.1.3680043.8.498.64590392444259942263746282444188079724,0984f0c2b335441e144f8ab160735e4e7f97adc5054d68774fec2125912f6f9f,4c0170d8a1af0a4d399a1b38637784a0066e73e3ff3a7fa5955044bc6b502d61,es,0.571,lexical_margin_v2_uncalibrated,1591,long,False,OK,"[""uncertainty"",""history_postoperative"",""fluid_threshold"",""cartilage_threshold"",""marrow_fracture"",""negation""]",high_risk
1.2.826.0.1.3680043.8.498.13269841239774089690227054060975903636,64fa2f92251815a2d3cc40db938f92aa1904568c72976f959b7c6d5efb913ee5,730a578baa0f41054be55527328a558e9851bb3c4aad1ac9074d831fceefb898,en,0.333,lexical_margin_v2_uncalibrated,1772,long,False,OK,"[""uncertainty"",""fluid_threshold"",""cartilage_threshold"",""marrow_fracture"",""negation""]",high_risk
1.2.826.0.1.3680043.8.498.11762352496600661264881556836248251400,cb2e99937083a45b2761d63b52f2955cf6291f782cccedc80c33470f190d0a4d,d7f54c3f47ba1ea13f7e370805f5d0d8a5aa20eede1f092d0596779328b1a9ce,en,0.667,lexical_margin_v2_uncalibrated,577,short,False,OK,"[""fluid_threshold"",""cartilage_threshold"",""negation""]",high_risk
1.2.826.0.1.3680043.8.498.11232674915186872899189440191805868376,4ac147787ecd06b84d2bdc0a8fd804c7070239b3161a2e5056747249f977448e,7143a97e1d281df9c8035c96b9b3ab9f8984c8f9cf6660e0cbb8001745b871af,en,0.882,lexical_margin_v2_uncalibrated,1018,medium,False,OK,"[""history_postoperative"",""fluid_threshold"",""cartilage_threshold"",""marrow_fracture"",""negation""]",high_risk
1.2.826.0.1.3680043.8.498.12225975251304101975065271521710735735,95ab715319c484c8d1c869511a77891cccda735a4d888d12211f84b7e80be01d,0b3cfdbce9729f57015a30f7e52944be59d2fe5d3810f8210260e7c9c825dfab,en,0.6,lexical_margin_v2_uncalibrated,352,short,False,OK,"[""uncertainty"",""history_postoperative"",""fluid_threshold"",""cartilage_threshold"",""marrow_fracture"",""negation""]",high_risk
1.2.826.0.1.3680043.8.498.49603554452147117475589797389254733654,be519ee189ae0a87bb2055ed6099017a83e452f14995e3c3be41b71433bae538,4f348541501486728d944c248904167900747419ce278a941de6d008201b0023,es,0.417,lexical_margin_v2_uncalibrated,1613,long,False,OK,"[""uncertainty"",""history_postoperative"",""fluid_threshold"",""cartilage_threshold"",""marrow_fracture"",""negation""]",high_risk
1.2.826.0.1.3680043.8.498.29735852958813434703969490187047665950,74e62a07ee492c157bbbc562192431e5d1c8e09c416e0ce154ac1febf56c4255,ec0053368dc1b0255305c95ef7bc05c25a85620c7be994c47fbd7bfa7f8d10fe,en,0.889,lexical_margin_v2_uncalibrated,1237,medium,False,OK,"[""uncertainty"",""fluid_threshold"",""cartilage_threshold"",""marrow_fracture"",""negation""]",high_risk
1.2.826.0.1.3680043.8.498.10274956886032850418742861294277331382,cab45615e007575406990a1e1a7bac9d54898d67cec76cf50b49e04cea698d45,4d284de6faabb4a10676cc4bf9a12d4f7e1e8843bdfde71dbe0caef541438718,en,0.923,lexical_margin_v2_uncalibrated,2369,long,False,OK,"[""history_postoperative"",""fluid_threshold"",""cartilage_threshold"",""marrow_fracture"",""negation""]",high_risk
1.2.826.0.1.3680043.8.498.90172333170788218623219231170360850947,42cea7a0e0fd3c1d65b0bd00175171a4cd1b5b926bb6e64df84c3ad055f46937,3e64b8c23fd9b78af402b298934cdde80c5611b65eeb6559af17dffcd4eb3357,en,0.839,lexical_margin_v2_uncalibrated,2759,long,False,OK,"[""history_postoperative"",""fluid_threshold"",""cartilage_threshold"",""marrow_fracture"",""negation""]",high_risk
1.2.826.0.1.3680043.8.498.97259977321685658337087695233264517545,b37c20cf756408a276015592cc466e93219957b9d1bb8aa1a72b2955d5556744,58c7b026b6c38eb84912b3c17b3f00a58ade09d77ffb2a64e0cb881fe5ab12c0,en,0.8,lexical_margin_v2_uncalibrated,3026,long,False,OK,"[""uncertainty"",""history_postoperative"",""fluid_threshold"",""cartilage_threshold"",""marrow_fracture"",""negation""]",high_risk
1.2.826.0.1.3680043.8.498.40154708689850542672289658249059660788,002ea14bf492038edef6c6618b3d3717e7cb1b609abe634eec003c3529fbc7bd,3998a0d484d317c057f4df8a34a7e582f9526a93eee843e2b5a7137817579b94,en,0.625,lexical_margin_v2_uncalibrated,1715,long,False,OK,"[""history_postoperative"",""fluid_threshold"",""cartilage_threshold"",""marrow_fracture"",""negation""]",high_risk
1.2.826.0.1.3680043.8.498.37007302166102452703965686598524467188,48e0d488b1d44b0ba7f3979c79a88f9505f154bba1e7b4eb77d2b7f4b2b69cb5,8536c2ccf6758957717f0e7d27caecb49c6b41127ef308402960acb68319292a,el,1.0,lexical_margin_v2_uncalibrated,986,medium,False,OK,"[""cartilage_threshold"",""marrow_fracture"",""negation""]",high_risk
1.2.826.0.1.3680043.8.498.98824066826946884510314135448574304233,79efc0060fabd507a8c173a35253669f1ee73a7ba9590a93548abc634ba6ecc6,a88c4d5e266b78d672cf541a1251baf48543c5e5e04fd5fb112584d2ebc69396,en,0.941,lexical_margin_v2_uncalibrated,2673,long,False,OK,"[""uncertainty"",""history_postoperative"",""fluid_threshold"",""cartilage_threshold"",""marrow_fracture"",""negation""]",high_risk
1.2.826.0.1.3680043.8.498.12785792890626338008419452097492192088,c60f9d18083a8491e56ea36adbe6993b6a8d228a36acefe985cf3699afe0d52c,adea93e1116a3785967b5702dcbea8aa62560f04fb394a73bc3b89002ed67320,en,0.889,lexical_margin_v2_uncalibrated,1672,long,False,OK,"[""history_postoperative"",""cartilage_threshold"",""marrow_fracture"",""negation""]",high_risk
1.2.826.0.1.3680043.8.498.12896740277483734090633132494285615502,a407115ecdb03c3ac2ca3cd8edea47487b42b866bb1d683252887cfad111cf75,9d408bbcd16107fa192464e53c53fc56b8032222336fc4acb27f2d640ef861bd,en,0.5,lexical_margin_v2_uncalibrated,741,medium,False,OK,"[""history_postoperative"",""fluid_threshold"",""cartilage_threshold""]",high_risk
1.2.826.0.1.3680043.8.498.65597375829884314152221851871550349856,811695a3a2e8e4d3e128b71d2838efd852d231e31b295897c74878bf35c3372c,5d1baa7f8030d8f7e6b930086926ba53b839afef32df7d82edbff4f50920312b,en,0.909,lexical_margin_v2_uncalibrated,2382,long,False,OK,"[""history_postoperative"",""fluid_threshold"",""cartilage_threshold"",""marrow_fracture"",""negation""]",high_risk
1.2.826.0.1.3680043.8.498.47255564202539432049700324486197024855,deedda16d4e22b3084d8f5945d16a7e729ac5e97479d72d4b159fb42a030bbbf,13a66e115b6e16e572d4201d793acf97f5f4caf134480e734015176c031515e0,en,0.815,lexical_margin_v2_uncalibrated,2083,long,False,OK,"[""uncertainty"",""history_postoperative"",""fluid_threshold"",""cartilage_threshold"",""marrow_fracture"",""negation""]",high_risk
1.2.826.0.1.3680043.8.498.30420245540489522189154634720778032533,00bc46b3c6ade43ce92864a0ecef032ec81f51a0381d21db3cde9d880d3ab00c,09f2089248847d715720c3e32b0431e3946e799dc3fa4699e38670de102372bc,nl,0.8,lexical_margin_v2_uncalibrated,1084,medium,False,OK,"[""history_postoperative"",""fluid_threshold"",""cartilage_threshold"",""marrow_fracture"",""negation""]",high_risk
1.2.826.0.1.3680043.8.498.93719148934772792523193842156217224487,d7734e1b4b1a917181c7f2f5f297edb58ff19414c6d93a3208f403d0034ad8e1,3193e21a499b8ea29dcec96d147a71a69baaba648f66c91e701f3dd88c657800,en,0.5,lexical_margin_v2_uncalibrated,1814,long,False,OK,"[""uncertainty"",""history_postoperative"",""cartilage_threshold"",""marrow_fracture"",""negation""]",high_risk
1.2.826.0.1.3680043.8.498.69930569170269472474738549886709596023,abfc3055bbb77bfa02d9b3bfa357a75f3059cf0fceca89371f439dd017918a9c,5e78874bba5bf2168e8d7222112bcacc510b055aa83c3f10057ccf0ed57f2f6a,el,1.0,lexical_margin_v2_uncalibrated,1296,long,False,OK,"[""cartilage_threshold"",""negation""]",high_risk
1.2.826.0.1.3680043.8.498.64325734401816269429960464734504322970,707a145901e09ea7dc1168d6cfa287d29a860b194816ca6597c3b0e7e744e219,80edd46057647bf000def9726fe6ddab878e79fbe958041031b9554d4297ecef,en,0.833,lexical_margin_v2_uncalibrated,2415,long,False,OK,"[""history_postoperative"",""fluid_threshold"",""cartilage_threshold"",""marrow_fracture"",""negation""]",high_risk
1.2.826.0.1.3680043.8.498.40828786094337186697222449293183309391,b63e600c5340dd5aba1262ee229d6d8dc8fd085ab6d58fa0cfff59a37d2c70bc,ecaaa0b1629a73aa024a6bccdc4644c8d87a5f53e903a9dfd6c48cb7e5f30998,tr,1.0,lexical_margin_v2_uncalibrated,1022,medium,False,OK,"[""history_postoperative"",""cartilage_threshold"",""negation""]",high_risk
1.2.826.0.1.3680043.8.498.60339775486026531260673620094004244044,8cfbd51c00704edb6a287d36d6f5531249174f62f27ae4f2d305bcef4048a0b4,552cd09d0a74f924be36e9c77b088dfa4469fbefb2cf7ddfb31c721fdcce3e2b,bg,0.929,lexical_margin_v2_uncalibrated,1614,long,False,OK,"[""uncertainty"",""cartilage_threshold"",""marrow_fracture""]",high_risk
1.2.826.0.1.3680043.8.498.73205916973275504240156555900460720571,66d6f0fa1fdb3844363dae78fb271f1df855fac4dac71a990201be7f6688ffaa,940842103c32bd178a2b8207d3a3bbc1e10031d4c3f609fdc9846520c6652062,en,0.84,lexical_margin_v2_uncalibrated,2115,long,False,OK,"[""history_postoperative"",""fluid_threshold"",""cartilage_threshold"",""marrow_fracture"",""negation""]",high_risk
1.2.826.0.1.3680043.8.498.23378338408981699466914366379590099738,781ec995f32488f13f135ce7b809977ad8f233ca61619162efc489c971e8c4a5,d208c6a6f43d4cf9f9dccdabd11845108945f539f2fc49ada2862b35ab7d1f02,en,0.727,lexical_margin_v2_uncalibrated,1437,long,False,OK,"[""uncertainty"",""history_postoperative"",""fluid_threshold"",""cartilage_threshold"",""marrow_fracture"",""negation""]",high_risk
